"['<S>', 'Could ', 'the ', 'World ', 'Series ', 'Help ', 'TARGET1', '( ', 'or ', 'OPPONENT', ') ', 'Win ', 'TARGET2', '? ', '- ', 'The ', 'Atlantic ', '</S>']","['START', 'O', 'O', 'O', 'O', 'O', 'MOD', 'O', 'O', 'MOD', 'O', 'O', 'MOD', 'O', 'O', 'O', 'O', 'END']",Presidential Elections,Clinton,Ohio,"{'CONTEXT: TARGET1 (  or  OPPONENT )': 1, 'CONTEXT: )  Win TARGET2': 1, 'CONTEXT: TARGET1 (  or  OPPONENT': 1, 'CONTEXT: or  OPPONENT )  Win TARGET2': 1, 'OPP CONTEXT: TARGET1 (  or OPPONENT )  Win  TARGET2': 1, 'CONTEXT: OPPONENT )  Win TARGET2': 1, 'CONTEXT: Series  Help TARGET1 (  or': 1, 'PAIR CONTEXT: TARGET1 (  or  OPPONENT )  Win TARGET2': 1, 'CONTEXT: )  Win TARGET2 ?  -': 1, 'OPPONENT closer to KEYWORD': 1, 'CONTEXT: Help TARGET1': 1, 'CONTEXT: World  Series  Help TARGET1': 1, 'CONTEXT: or  OPPONENT )  Win TARGET2 ?  -  The  Atlantic': 1, 'OPP CONTEXT: OPPONENT )  Win  TARGET2 ?': 1, 'Dependency path to TARGET2: TARGET2': 1, 'CONTEXT: TARGET2 ?': 1, 'OPP CONTEXT: TARGET1 (  or OPPONENT': 1, 'CONTEXT: World  Series  Help TARGET1 (  or  OPPONENT': 1, 'CONTEXT: TARGET2 ?  -  The': 1, 'PAIR CONTEXT: TARGET1 (  or  OPPONENT ) KEYWORD': 1, 'CONTEXT: Series  Help TARGET1': 1, 'OPP CONTEXT: or OPPONENT': 1, 'CONTEXT: OPPONENT )  Win TARGET2 ?  -  The': 1, 'OPP CONTEXT: or OPPONENT )': 1, 'CONTEXT: Win TARGET2 ?': 1, 'CONTEXT: Help TARGET1 (': 1, 'Contains ?': 1, 'CONTEXT: TARGET1 (': 1, 'OPP CONTEXT: Help  TARGET1 (  or OPPONENT )  Win  TARGET2 ?': 1, 'CONTEXT: the  World  Series  Help TARGET1 (  or  OPPONENT )': 1, 'CONTEXT: Win TARGET2': 1, 'OPP CONTEXT: Help  TARGET1 (  or OPPONENT': 1, 'OPP CONTEXT: OPPONENT )  Win': 1, 'OPP CONTEXT: OPPONENT )  Win  TARGET2': 1, 'OPP CONTEXT: (  or OPPONENT )  Win': 1, 'PAIR CONTEXT: OPPONENT ) KEYWORD': 1, 'CONTEXT: TARGET1 (  or': 1, 'OPP CONTEXT: OPPONENT )': 1, 'CONTEXT: the  World  Series  Help TARGET1': 1, 'CONTEXT: TARGET2 ?  -  The  Atlantic': 1, 'CONTEXT: TARGET2 ?  -': 1, 'OPP CONTEXT: (  or OPPONENT': 1}"
"['<S>', 'TARGET2', 'is ', 'a ', 'battleground ', 'state ', 'now ', 'with ', 'OPPONENT', 'and ', 'TARGET1', '. ', 'TARGET1', 'is ', 'a ', 'cheater ', 'we ', 'cannot ', 'let ', 'her ', 'win ', 'so ', 'get ', 'out ', 'and ', 'vote ', 'Everyone ', '!!!! ', '</S>']","['START', 'MOD', 'O', 'O', 'O', 'O', 'O', 'O', 'MOD', 'O', 'MOD', 'O', 'MOD', 'O', 'O', 'O', 'O', 'O', 'O', 'O', 'O', 'O', 'O', 'O', 'O', 'O', 'O', 'O', 'END']",Presidential Elections,Clinton,Ohio,"{'CONTEXT: TARGET1 .': 1, 'OPP CONTEXT: with OPPONENT and': 1, 'OPP CONTEXT: battleground  state  now  with OPPONENT and  TARGET1 .  TARGET1': 1, 'CONTEXT: TARGET1 .  TARGET1 is  a': 1, 'CONTEXT: TARGET1 .  TARGET1 is': 1, 'PAIR CONTEXT: TARGET1 is  a  cheater  we  cannot  let  her KEYWORD': 1, 'CONTEXT: <S> TARGET2 is  a  battleground  state': 1, 'CONTEXT: <S> TARGET2 is  a': 1, 'PAIR CONTEXT: TARGET2 is  a  battleground  state  now  with  OPPONENT and  TARGET1 .  TARGET1 is  a  cheater  we  cannot  let  her KEYWORD': 1, 'CONTEXT: OPPONENT and  TARGET1 . TARGET1 is  a  cheater  we': 1, 'CONTEXT: now  with  OPPONENT and TARGET1': 1, 'OPP CONTEXT: battleground  state  now  with OPPONENT': 1, 'CONTEXT: TARGET1 is  a': 1, 'CONTEXT: <S> TARGET2 is': 1, 'OPP CONTEXT: state  now  with OPPONENT': 1, 'OPP CONTEXT: with OPPONENT': 1, 'OPP CONTEXT: now  with OPPONENT and  TARGET1': 1, 'CONTEXT: TARGET1 is': 1, 'Dependency path to TARGET2: TARGET2': 1, 'PAIR CONTEXT: OPPONENT and  TARGET1 .  TARGET1 is  a  cheater  we  cannot  let  her KEYWORD': 1, 'PAIR CONTEXT: TARGET1 .  TARGET1 is  a  cheater  we  cannot  let  her KEYWORD': 1, 'CONTEXT: . TARGET1': 1, 'OPP CONTEXT: now  with OPPONENT': 1, 'CONTEXT: and  TARGET1 . TARGET1 is  a  cheater': 1, 'OPP CONTEXT: OPPONENT and  TARGET1': 1, 'CONTEXT: <S> TARGET2 is  a  battleground': 1, 'CONTEXT: and  TARGET1 . TARGET1': 1, 'CONTEXT: TARGET1 . TARGET1': 1, 'CONTEXT: TARGET2 is  a  battleground  state': 1, 'PAIR CONTEXT: TARGET2 is  a  battleground  state  now  with  OPPONENT and TARGET1': 1, 'CONTEXT: OPPONENT and TARGET1 .  TARGET1': 1, 'CONTEXT: TARGET1 . TARGET1 is  a': 1, 'CONTEXT: <S> TARGET2': 1, 'OPP CONTEXT: OPPONENT and  TARGET1 .': 1, 'PAIR CONTEXT: TARGET2 is  a  battleground  state  now  with  OPPONENT and  TARGET1 . TARGET1': 1, 'CONTEXT: and TARGET1': 1, 'CONTEXT: TARGET1 is  a  cheater  we': 1, 'CONTEXT: with  OPPONENT and TARGET1 .  TARGET1 is': 1, 'CONTEXT: TARGET1 .  TARGET1': 1, 'CONTEXT: with  OPPONENT and TARGET1': 1, 'CONTEXT: now  with  OPPONENT and TARGET1 .  TARGET1 is  a': 1, 'CONTEXT: and TARGET1 .': 1, 'OPP CONTEXT: state  now  with OPPONENT and  TARGET1 .': 1, 'CONTEXT: TARGET1 is  a  cheater': 1, 'OPP CONTEXT: OPPONENT and  TARGET1 .  TARGET1': 1, 'CONTEXT: TARGET2 is': 1, 'CONTEXT: TARGET2 is  a  battleground': 1, 'CONTEXT: OPPONENT and TARGET1': 1, 'Dependency path to KEYWORD: TARGET1 <- is -> cheater -> can -> not -> let -> KEYWORD': 1, 'CONTEXT: OPPONENT and  TARGET1 . TARGET1': 1, 'CONTEXT: . TARGET1 is': 1, 'TARGET closer to KEYWORD': 1, 'CONTEXT: TARGET2 is  a': 1, 'OPP CONTEXT: OPPONENT and': 1}"
"['<S>', '"" ', ""I'm "", 'just ', 'saying ', ', ', 'TARGET2', ': ', 'You ', ""didn't "", 'win ', 'any ', 'titles ', 'until ', 'TARGET1', 'became ', 'a ', 'presidential ', 'nominee ', '. ', 'Why ', 'mess ', 'with ', 'what ', ""'s "", 'working ', '?"" ', '</S>']","['START', 'O', 'O', 'O', 'O', 'O', 'MOD', 'O', 'O', 'O', 'O', 'O', 'O', 'O', 'MOD', 'O', 'O', 'O', 'O', 'O', 'O', 'O', 'O', 'O', 'O', 'O', 'O', 'END']",Presidential Elections,Clinton,Ohio,"{'Has Negation': 1, 'CONTEXT: win  any  titles  until TARGET1': 1, 'CONTEXT: , TARGET2 :': 1, 'CONTEXT: any  titles  until TARGET1': 1, ""CONTEXT: I'm  just  saying  , TARGET2"": 1, 'CONTEXT: any  titles  until TARGET1 became  a  presidential': 1, ""PAIR CONTEXT: TARGET2 :  You  didn't KEYWORD"": 1, ""CONTEXT: just  saying  , TARGET2 :  You  didn't"": 1, 'PAIR CONTEXT: KEYWORD any  titles  until TARGET1': 1, 'CONTEXT: win  any  titles  until TARGET1 became  a  presidential  nominee': 1, ""PAIR CONTEXT: TARGET2 :  You  didn't  win  any  titles  until TARGET1"": 1, 'CONTEXT: , TARGET2': 1, 'Dependency path to TARGET2: TARGET2': 1, 'CONTEXT: until TARGET1': 1, 'CONTEXT: TARGET1 became  a': 1, 'CONTEXT: TARGET2 :': 1, 'CONTEXT: TARGET1 became  a  presidential': 1, ""CONTEXT: TARGET2 :  You  didn't  win"": 1, 'CONTEXT: titles  until TARGET1': 1, 'CONTEXT: saying  , TARGET2 :  You': 1, 'CONTEXT: TARGET1 became': 1, ""CONTEXT: TARGET2 :  You  didn't"": 1, ""CONTEXT: I'm  just  saying  , TARGET2 :  You  didn't  win"": 1, 'CONTEXT: until TARGET1 became': 1, 'CONTEXT: titles  until TARGET1 became  a': 1, 'CONTEXT: saying  , TARGET2': 1, 'CONTEXT: just  saying  , TARGET2': 1, 'Dependency path to KEYWORD: TARGET1 <- became <- until <- titles <- KEYWORD': 1, 'CONTEXT: TARGET1 became  a  presidential  nominee': 1, 'CONTEXT: TARGET2 :  You': 1, 'TARGET closer to KEYWORD': 1}"
"['<S>', '"" ', 'BREAKING ', ': ', 'TARGET2', '"""" ', 'Rally ', '"""" ', 'Draws ', 'MAYBE ', '50 ', 'People ', 'Nobody ', 'at ', 'their ', 'rally ', ""'s "", 'and ', 'they ', 'think ', 'ENTITY', 'will ', 'Win ', '!"" ', '</S>']","['START', 'O', 'O', 'O', 'MOD', 'O', 'O', 'O', 'O', 'O', 'O', 'O', 'O', 'O', 'O', 'O', 'O', 'O', 'O', 'O', 'MOD', 'O', 'O', 'O', 'END']",Presidential Elections,Clinton,Ohio,"{'CONTEXT: ""  BREAKING  : TARGET2 """"  Rally  """"': 1, 'CONTEXT: BREAKING  : TARGET2': 1, 'CONTEXT: TARGET2 """"  Rally  """"  Draws': 1, 'CONTEXT: : TARGET2': 1, 'CONTEXT: <S> ""  BREAKING  : TARGET2': 1, 'CONTEXT: TARGET2 """"  Rally': 1, 'CONTEXT: <S> ""  BREAKING  : TARGET2 """"  Rally  """"  Draws': 1, 'Dependency path to TARGET2: TARGET2': 1, 'PAIR CONTEXT: TARGET2 """"  Rally  """"  Draws  MAYBE  50  People  Nobody  at  their  rally  \'s  and  they  think  ENTITY will KEYWORD': 1, 'CONTEXT: TARGET2 """"  Rally  """"': 1, 'CONTEXT: ""  BREAKING  : TARGET2': 1, 'CONTEXT: BREAKING  : TARGET2 """"  Rally': 1, 'CONTEXT: : TARGET2 """"': 1, 'CONTEXT: TARGET2 """"': 1}"
"['<S>', '"" ', 'Polls ', 'tightening ', 'in ', 'ENTITY', ', ', 'TARGET2', 'and ', 'ENTITY', '. ', 'Could ', 'all ', 'go ', 'OPPONENT', '. ', 'Still ', 'expect ', 'a ', 'sizeable ', 'TARGET1', 'win ', 'though ', '."" ', '</S>']","['START', 'O', 'O', 'O', 'O', 'MOD', 'O', 'MOD', 'O', 'MOD', 'O', 'O', 'O', 'O', 'MOD', 'O', 'O', 'O', 'O', 'O', 'MOD', 'O', 'O', 'O', 'END']",Presidential Elections,Clinton,Ohio,"{'CONTEXT: Still  expect  a  sizeable TARGET1 win  though  .""  </S>': 1, 'OPP CONTEXT: .  Could  all  go OPPONENT .  Still  expect  a': 1, 'PAIR CONTEXT: TARGET2 and  ENTITY .  Could  all  go  OPPONENT .  Still  expect  a  sizeable TARGET1': 1, 'CONTEXT: tightening  in  ENTITY , TARGET2 and  ENTITY .  Could': 1, 'PAIR CONTEXT: OPPONENT .  Still  expect  a  sizeable  TARGET1 KEYWORD': 1, 'CONTEXT: sizeable TARGET1 win': 1, 'CONTEXT: expect  a  sizeable TARGET1': 1, 'CONTEXT: ENTITY , TARGET2 and  ENTITY': 1, 'OPP CONTEXT: OPPONENT .': 1, 'CONTEXT: TARGET1 win': 1, 'CONTEXT: TARGET2 and  ENTITY .': 1, 'OPP CONTEXT: Could  all  go OPPONENT': 1, 'CONTEXT: a  sizeable TARGET1 win  though': 1, 'CONTEXT: , TARGET2': 1, 'Dependency path to TARGET2: TARGET2': 1, 'CONTEXT: TARGET2 and  ENTITY': 1, 'OPP CONTEXT: Could  all  go OPPONENT .  Still  expect': 1, 'CONTEXT: TARGET1 win  though  .""  </S>': 1, 'OPP CONTEXT: OPPONENT .  Still  expect  a': 1, 'OPP CONTEXT: go OPPONENT': 1, 'CONTEXT: a  sizeable TARGET1': 1, 'CONTEXT: TARGET1 win  though': 1, 'CONTEXT: in  ENTITY , TARGET2 and  ENTITY .': 1, 'CONTEXT: TARGET2 and  ENTITY .  Could': 1, 'Dependency path to KEYWORD: TARGET1 <- expect -> KEYWORD': 1, 'CONTEXT: expect  a  sizeable TARGET1 win  though  .""': 1, 'CONTEXT: Still  expect  a  sizeable TARGET1': 1, 'PAIR CONTEXT: TARGET2 and  ENTITY .  Could  all  go  OPPONENT .  Still  expect  a  sizeable  TARGET1 KEYWORD': 1, 'CONTEXT: tightening  in  ENTITY , TARGET2': 1, 'CONTEXT: , TARGET2 and': 1, 'CONTEXT: TARGET2 and': 1, 'CONTEXT: ENTITY , TARGET2': 1, 'CONTEXT: in  ENTITY , TARGET2': 1, 'OPP CONTEXT: all  go OPPONENT': 1, 'OPP CONTEXT: OPPONENT .  Still  expect': 1, 'CONTEXT: TARGET1 win  though  .""': 1, 'OPP CONTEXT: all  go OPPONENT .  Still': 1, 'OPP CONTEXT: OPPONENT .  Still': 1, 'OPP CONTEXT: .  Could  all  go OPPONENT': 1, 'CONTEXT: sizeable TARGET1': 1, 'TARGET closer to KEYWORD': 1, 'OPP CONTEXT: go OPPONENT .': 1}"
"['<S>', 'ENTITY', '2016 ', 'Latest ', 'News ', '& ', 'Update ', ': ', 'ENTITY', 'Deliver ', 'TARGET2', '? ', '- ', 'Gamenguide ', '</S>']","['START', 'MOD', 'O', 'O', 'O', 'O', 'O', 'O', 'MOD', 'O', 'MOD', 'O', 'O', 'O', 'END']",Presidential Elections,Clinton,Ohio,"{'CONTEXT: Deliver TARGET2 ?': 1, 'CONTEXT: Update  :  ENTITY Deliver TARGET2 ?  -  Gamenguide  </S>': 1, 'CONTEXT: Deliver TARGET2': 1, 'CONTEXT: :  ENTITY Deliver TARGET2 ?  -  Gamenguide': 1, 'Dependency path to TARGET2: TARGET2': 1, 'CONTEXT: TARGET2 ?': 1, 'CONTEXT: TARGET2 ?  -  Gamenguide  </S>': 1, 'Contains ?': 1, 'CONTEXT: Update  :  ENTITY Deliver TARGET2': 1, 'CONTEXT: :  ENTITY Deliver TARGET2': 1, 'Dependency path to KEYWORD: TARGET1 <- KEYWORD': 1, 'CONTEXT: TARGET2 ?  -  Gamenguide': 1, 'CONTEXT: TARGET2 ?  -': 1, 'CONTEXT: ENTITY Deliver TARGET2 ?  -': 1, 'CONTEXT: ENTITY Deliver TARGET2': 1}"
"['<S>', 'If ', 'TARGET2', 'black ', 'people ', 'and ', 'Latinos ', 'go ', 'Vote ', 'TARGET1', 'will ', 'win ', '. ', 'So ', 'Ohio ', 'we ', 'looking ', 'at ', 'you ', '. ', 'Stand ', 'up ', 'against ', 'racist ', 'work ', 'vote ', 'Clinton ', '</S>']","['START', 'O', 'MOD', 'O', 'O', 'O', 'O', 'O', 'O', 'MOD', 'O', 'O', 'O', 'O', 'O', 'O', 'O', 'O', 'O', 'O', 'O', 'O', 'O', 'O', 'O', 'O', 'O', 'END']",Presidential Elections,Clinton,Ohio,"{'CONTEXT: go  Vote TARGET1': 1, 'CONTEXT: Vote TARGET1': 1, 'CONTEXT: TARGET2 black  people': 1, 'CONTEXT: TARGET1 will  win  .': 1, 'CONTEXT: If TARGET2': 1, 'PAIR CONTEXT: TARGET2 black  people  and  Latinos  go  Vote  TARGET1 will KEYWORD': 1, 'CONTEXT: go  Vote TARGET1 will  win': 1, 'PAIR CONTEXT: TARGET2 black  people  and  Latinos  go  Vote TARGET1': 1, 'CONTEXT: Vote TARGET1 will': 1, 'CONTEXT: and  Latinos  go  Vote TARGET1': 1, 'CONTEXT: TARGET1 will': 1, 'CONTEXT: <S> If TARGET2 black  people': 1, 'CONTEXT: and  Latinos  go  Vote TARGET1 will  win  .  So': 1, 'CONTEXT: TARGET2 black': 1, 'CONTEXT: If TARGET2 black': 1, 'CONTEXT: TARGET2 black  people  and  Latinos': 1, 'CONTEXT: Latinos  go  Vote TARGET1': 1, 'CONTEXT: <S> If TARGET2': 1, 'CONTEXT: Latinos  go  Vote TARGET1 will  win  .': 1, 'PAIR CONTEXT: TARGET1 will KEYWORD': 1, 'CONTEXT: TARGET1 will  win': 1, 'CONTEXT: TARGET2 black  people  and': 1, 'Dependency path to KEYWORD: TARGET1 <- will -> KEYWORD': 1, 'CONTEXT: <S> If TARGET2 black  people  and  Latinos': 1, 'CONTEXT: <S> If TARGET2 black  people  and': 1, 'CONTEXT: TARGET1 will  win  .  So': 1, 'TARGET closer to KEYWORD': 1, 'Dependency path to TARGET2: TARGET2': 1}"
"['<S>', '"" ', 'TARGET1', 'is ', '"""" ', 'Ready ', 'for ', 'the ', 'Ride ', '""""! ', 'Excited ', 'to ', 'help ', 'her ', 'win ', 'in ', 'TARGET2', '! ', '#OHHillYes ', '#mfaNOW ', '#WilliamMerrittChase ', '"" ', '</S>']","['START', 'O', 'MOD', 'O', 'O', 'O', 'O', 'O', 'O', 'O', 'O', 'O', 'O', 'O', 'O', 'O', 'MOD', 'O', 'O', 'O', 'O', 'O', 'END']",Presidential Elections,Clinton,Ohio,"{'CONTEXT: TARGET2 !  #OHHillYes': 1, 'CONTEXT: "" TARGET1': 1, 'CONTEXT: TARGET1 is  """"': 1, 'PAIR CONTEXT: KEYWORD in TARGET2': 1, 'CONTEXT: <S> "" TARGET1 is  """"  Ready  for': 1, 'CONTEXT: TARGET1 is': 1, 'CONTEXT: <S> "" TARGET1 is  """"  Ready': 1, 'CONTEXT: in TARGET2': 1, 'Dependency path to TARGET2: TARGET2': 1, 'CONTEXT: TARGET2 !  #OHHillYes  #mfaNOW  #WilliamMerrittChase': 1, 'CONTEXT: her  win  in TARGET2': 1, 'CONTEXT: win  in TARGET2 !  #OHHillYes': 1, 'CONTEXT: TARGET2 !': 1, 'CONTEXT: in TARGET2 !': 1, 'PAIR CONTEXT: TARGET1 is  """"  Ready  for  the  Ride  """"!  Excited  to  help  her  win  in TARGET2': 1, 'CONTEXT: "" TARGET1 is': 1, 'CONTEXT: TARGET2 !  #OHHillYes  #mfaNOW': 1, 'CONTEXT: <S> "" TARGET1 is  """"': 1, 'Contains !': 1, 'CONTEXT: win  in TARGET2': 1, 'PAIR CONTEXT: TARGET1 is  """"  Ready  for  the  Ride  """"!  Excited  to  help  her KEYWORD': 1, 'CONTEXT: TARGET1 is  """"  Ready': 1, 'CONTEXT: her  win  in TARGET2 !  #OHHillYes  #mfaNOW': 1, 'CONTEXT: TARGET1 is  """"  Ready  for': 1, 'CONTEXT: help  her  win  in TARGET2': 1, 'CONTEXT: help  her  win  in TARGET2 !  #OHHillYes  #mfaNOW  #WilliamMerrittChase': 1, 'TARGET closer to KEYWORD': 1, 'CONTEXT: <S> "" TARGET1': 1}"
"['<S>', '"" ', 'but ', 'you ', ""don't "", 'have ', 'to ', 'vote ', 'for ', 'TARGET1', ', ', 'TARGET2', ""isn't "", 'a ', 'must ', 'win ', 'state ', 'for ', 'her ', '"" ', '</S>']","['START', 'O', 'O', 'O', 'O', 'O', 'O', 'O', 'O', 'MOD', 'O', 'MOD', 'O', 'O', 'O', 'O', 'O', 'O', 'O', 'O', 'END']",Presidential Elections,Clinton,Ohio,"{""CONTEXT: to  vote  for TARGET1 ,  TARGET2 isn't"": 1, 'Has Negation': 1, 'CONTEXT: TARGET1 ,': 1, 'CONTEXT: TARGET1 ,  TARGET2': 1, ""CONTEXT: have  to  vote  for TARGET1 ,  TARGET2 isn't  a"": 1, 'CONTEXT: for TARGET1': 1, 'CONTEXT: vote  for  TARGET1 , TARGET2': 1, 'CONTEXT: to  vote  for TARGET1': 1, ""CONTEXT: TARGET2 isn't  a"": 1, ""CONTEXT: TARGET1 ,  TARGET2 isn't  a"": 1, ""CONTEXT: TARGET2 isn't  a  must  win"": 1, 'CONTEXT: have  to  vote  for TARGET1': 1, 'CONTEXT: , TARGET2': 1, 'Dependency path to TARGET2: TARGET2': 1, ""PAIR CONTEXT: TARGET1 ,  TARGET2 isn't  a  must KEYWORD"": 1, 'PAIR CONTEXT: TARGET1 , TARGET2': 1, 'CONTEXT: for TARGET1 ,': 1, 'CONTEXT: TARGET1 , TARGET2': 1, ""CONTEXT: vote  for  TARGET1 , TARGET2 isn't  a  must  win"": 1, ""PAIR CONTEXT: TARGET2 isn't  a  must KEYWORD"": 1, ""CONTEXT: , TARGET2 isn't"": 1, ""CONTEXT: TARGET2 isn't  a  must"": 1, ""CONTEXT: TARGET1 ,  TARGET2 isn't"": 1, ""CONTEXT: TARGET2 isn't"": 1, 'CONTEXT: for  TARGET1 , TARGET2': 1, 'CONTEXT: vote  for TARGET1 ,  TARGET2': 1, 'CONTEXT: vote  for TARGET1': 1, ""CONTEXT: for  TARGET1 , TARGET2 isn't  a  must"": 1, 'TARGET closer to KEYWORD': 1, ""CONTEXT: TARGET1 , TARGET2 isn't  a"": 1}"
"['<S>', 'out ', 'of ', 'those ', 'ENTITY', 'and ', 'ENTITY', 'look ', 'better ', 'for ', 'TARGET1', '. ', 'So ', 'he ', 'is ', 'prob ', 'going ', 'to ', 'win ', 'ENTITY', 'and ', 'ENTITY', 'in ', 'a ', 'worst ', 'case ', '. ', '</S>']","['START', 'O', 'O', 'O', 'MOD', 'O', 'MOD', 'O', 'O', 'O', 'MOD', 'O', 'O', 'O', 'O', 'O', 'O', 'O', 'O', 'MOD', 'O', 'MOD', 'O', 'O', 'O', 'O', 'O', 'END']",Presidential Elections,Clinton,Ohio,"{'CONTEXT: look  better  for TARGET1 .  So  he': 1, 'CONTEXT: TARGET1 .': 1, 'CONTEXT: TARGET1 .  So  he  is': 1, 'Ends with .': 1, 'CONTEXT: look  better  for TARGET1': 1, 'CONTEXT: better  for TARGET1 .  So': 1, 'Dependency path to TARGET2: TARGET2': 1, 'CONTEXT: better  for TARGET1': 1, 'CONTEXT: TARGET1 .  So': 1, 'CONTEXT: for TARGET1': 1, 'CONTEXT: ENTITY look  better  for TARGET1': 1, 'CONTEXT: TARGET1 .  So  he': 1, 'TARGET closer to KEYWORD': 1, 'CONTEXT: for TARGET1 .': 1, 'PAIR CONTEXT: TARGET1 .  So  he  is  prob  going  to KEYWORD': 1, 'CONTEXT: ENTITY look  better  for TARGET1 .  So  he  is': 1}"
"['<S>', '"""""" ', 'TARGET1', 'wins ', 'ENTITY', ', ', 'she ', 'could ', 'lose ', 'all ', 'of ', 'the ', 'other ', 'swing ', 'states ', '\xe2\x80\x95 ', 'ENTITY', ', ', 'ENTITY', ', ', 'TARGET2', ', ', 'ENTITY', ', ', 'ENTITY', ', ', 'ENTITY', '\xe2\x80\x95 ', 'and ', 'still ', 'win ', '"""" ', '"" ', '</S>']","['START', 'O', 'MOD', 'O', 'MOD', 'O', 'O', 'O', 'O', 'O', 'O', 'O', 'O', 'O', 'O', 'O', 'MOD', 'O', 'MOD', 'O', 'MOD', 'O', 'MOD', 'O', 'MOD', 'O', 'MOD', 'O', 'O', 'O', 'O', 'O', 'O', 'END']",Presidential Elections,Clinton,Ohio,"{'CONTEXT: TARGET1 wins': 1, 'CONTEXT: , TARGET2 ,': 1, 'CONTEXT: <S> """""" TARGET1': 1, 'CONTEXT: TARGET2 ,  ENTITY': 1, 'CONTEXT: TARGET2 ,  ENTITY ,': 1, 'CONTEXT: ENTITY ,  ENTITY , TARGET2': 1, 'CONTEXT: ENTITY , TARGET2 ,  ENTITY': 1, 'CONTEXT: , TARGET2': 1, 'Dependency path to TARGET2: TARGET2': 1, 'Dependency path to KEYWORD: TARGET1 <- KEYWORD': 1, 'CONTEXT: TARGET2 ,': 1, 'CONTEXT: TARGET1 wins  ENTITY': 1, 'CONTEXT: TARGET1 wins  ENTITY ,  she': 1, 'CONTEXT: <S> """""" TARGET1 wins  ENTITY ,': 1, 'CONTEXT: ENTITY ,  ENTITY , TARGET2 ,  ENTITY ,  ENTITY': 1, 'CONTEXT: TARGET1 wins  ENTITY ,': 1, 'CONTEXT: TARGET2 ,  ENTITY ,  ENTITY': 1, 'CONTEXT: <S> """""" TARGET1 wins  ENTITY ,  she': 1, 'CONTEXT: ,  ENTITY , TARGET2': 1, 'CONTEXT: ENTITY , TARGET2': 1, 'CONTEXT: <S> """""" TARGET1 wins  ENTITY': 1, 'CONTEXT: """""" TARGET1': 1, 'CONTEXT: ,  ENTITY , TARGET2 ,  ENTITY ,': 1, 'CONTEXT: """""" TARGET1 wins': 1, 'TARGET closer to KEYWORD': 1}"
"['<S>', '"" ', 'ENTITY', ', ', 'and ', 'ENTITY', 'and ', 'TARGET2', ', ', 'too ', ', ', 'still ', 'isn\xe2\x80\x99t ', 'enough ', 'to ', 'get ', 'Trump ', 'to ', '270 ', '. ', 'He ', 'also ', 'needs ', 'to ', 'win ', 'states ', 'now ', 'leaning ', 'Clinton\xe2\x80\x99s ', 'way ', '."" ', '</S>']","['START', 'O', 'MOD', 'O', 'O', 'MOD', 'O', 'MOD', 'O', 'O', 'O', 'O', 'O', 'O', 'O', 'O', 'O', 'O', 'O', 'O', 'O', 'O', 'O', 'O', 'O', 'O', 'O', 'O', 'O', 'O', 'O', 'END']",Presidential Elections,Clinton,Ohio,"{'CONTEXT: and  ENTITY and TARGET2 ,  too  ,': 1, 'CONTEXT: ENTITY and TARGET2': 1, 'CONTEXT: TARGET2 ,  too  ,  still': 1, 'Dependency path to TARGET2: TARGET2': 1, 'CONTEXT: ENTITY and TARGET2 ,  too': 1, 'CONTEXT: ,  and  ENTITY and TARGET2 ,  too  ,  still': 1, 'CONTEXT: TARGET2 ,  too  ,': 1, 'CONTEXT: TARGET2 ,  too': 1, 'CONTEXT: ,  and  ENTITY and TARGET2': 1, 'CONTEXT: TARGET2 ,': 1, 'CONTEXT: and TARGET2': 1, 'CONTEXT: and TARGET2 ,': 1, 'CONTEXT: and  ENTITY and TARGET2': 1}"
"['<S>', '"" ', '@realDonaldTrump ', 'it ', 'really ', 'is ', '. ', 'ENTITY', 'looks ', 'to ', 'be ', 'a ', 'lock ', 'for ', 'TARGET1', '. ', 'If ', 'so ', ', ', 'she ', 'can ', 'lose ', 'ENTITY', ', ', 'ENTITY', ', ', 'TARGET2', ', ', 'ENTITY', ', ', 'and ', 'win ', '"" ', '</S>']","['START', 'O', 'O', 'O', 'O', 'O', 'O', 'MOD', 'O', 'O', 'O', 'O', 'O', 'O', 'MOD', 'O', 'O', 'O', 'O', 'O', 'O', 'O', 'MOD', 'O', 'MOD', 'O', 'MOD', 'O', 'MOD', 'O', 'O', 'O', 'O', 'END']",Presidential Elections,Clinton,Ohio,"{'CONTEXT: TARGET1 .': 1, 'CONTEXT: a  lock  for TARGET1': 1, 'PAIR CONTEXT: TARGET2 ,  ENTITY ,  and KEYWORD': 1, 'CONTEXT: for TARGET1': 1, 'CONTEXT: , TARGET2 ,': 1, 'CONTEXT: TARGET2 ,  ENTITY': 1, 'CONTEXT: TARGET2 ,  ENTITY ,': 1, 'CONTEXT: lock  for TARGET1': 1, 'CONTEXT: TARGET1 .  If  so': 1, 'CONTEXT: be  a  lock  for TARGET1': 1, 'CONTEXT: ENTITY ,  ENTITY , TARGET2': 1, 'CONTEXT: ENTITY , TARGET2 ,  ENTITY': 1, 'CONTEXT: , TARGET2': 1, 'Dependency path to TARGET2: TARGET2': 1, 'CONTEXT: TARGET2 ,': 1, 'CONTEXT: be  a  lock  for TARGET1 .  If  so  ,': 1, 'CONTEXT: for TARGET1 .': 1, 'PAIR CONTEXT: TARGET1 .  If  so  ,  she  can  lose  ENTITY ,  ENTITY ,  TARGET2 ,  ENTITY ,  and KEYWORD': 1, 'CONTEXT: a  lock  for TARGET1 .  If  so': 1, 'CONTEXT: TARGET1 .  If  so  ,': 1, 'CONTEXT: ENTITY ,  ENTITY , TARGET2 ,  ENTITY ,  and': 1, 'CONTEXT: ,  ENTITY , TARGET2': 1, 'CONTEXT: ENTITY , TARGET2': 1, 'CONTEXT: TARGET2 ,  ENTITY ,  and': 1, 'PAIR CONTEXT: TARGET1 .  If  so  ,  she  can  lose  ENTITY ,  ENTITY , TARGET2': 1, 'CONTEXT: ,  ENTITY , TARGET2 ,  ENTITY ,': 1, 'CONTEXT: TARGET1 .  If': 1, 'TARGET closer to KEYWORD': 1, 'CONTEXT: lock  for TARGET1 .  If': 1}"
"['<S>', '"" ', 'OPPONENT', 'could ', 'win ', 'ENTITY', ', ', 'TARGET2', ', ', 'ENTITY', ', ', 'ENTITY', ', ', '& ', 'ENTITY', 'and ', 'still ', 'lose ', 'to ', 'TARGET1', '. ', 'Race ', 'will ', 'get ', 'closer ', 'but ', 'odds ', 'are ', 'still ', 'against ', 'him ', '."" ', '</S>']","['START', 'O', 'MOD', 'O', 'O', 'MOD', 'O', 'MOD', 'O', 'MOD', 'O', 'MOD', 'O', 'O', 'MOD', 'O', 'O', 'O', 'O', 'MOD', 'O', 'O', 'O', 'O', 'O', 'O', 'O', 'O', 'O', 'O', 'O', 'O', 'END']",Presidential Elections,Clinton,Ohio,"{'CONTEXT: TARGET1 .': 1, 'CONTEXT: to TARGET1 .': 1, 'CONTEXT: win  ENTITY , TARGET2 ,  ENTITY ,': 1, 'PAIR CONTEXT: TARGET2 ,  ENTITY ,  ENTITY ,  &  ENTITY and  still  lose  to TARGET1': 1, 'CONTEXT: to TARGET1': 1, 'Dependency path to KEYWORD: OPPONENT <- could -> KEYWORD': 1, 'OPP CONTEXT: <S> "" OPPONENT could  win': 1, 'CONTEXT: , TARGET2 ,': 1, 'CONTEXT: still  lose  to TARGET1 .  Race  will': 1, 'CONTEXT: TARGET2 ,  ENTITY': 1, 'CONTEXT: still  lose  to TARGET1': 1, 'PAIR CONTEXT: KEYWORD ENTITY , TARGET2': 1, 'CONTEXT: and  still  lose  to TARGET1': 1, 'CONTEXT: lose  to TARGET1': 1, 'CONTEXT: lose  to TARGET1 .  Race': 1, 'CONTEXT: ENTITY , TARGET2 ,  ENTITY': 1, 'CONTEXT: , TARGET2': 1, 'Dependency path to TARGET2: TARGET2': 1, 'CONTEXT: could  win  ENTITY , TARGET2 ,  ENTITY ,  ENTITY': 1, 'CONTEXT: and  still  lose  to TARGET1 .  Race  will  get': 1, 'CONTEXT: TARGET2 ,': 1, 'CONTEXT: could  win  ENTITY , TARGET2': 1, 'OPP CONTEXT: "" OPPONENT could': 1, 'OPP CONTEXT: <S> "" OPPONENT': 1, 'OPP CONTEXT: <S> "" OPPONENT could  win  ENTITY ,': 1, 'CONTEXT: TARGET2 ,  ENTITY ,  ENTITY': 1, 'OPP CONTEXT: OPPONENT could  win  ENTITY ,': 1, 'CONTEXT: TARGET2 ,  ENTITY ,': 1, 'CONTEXT: TARGET1 .  Race  will': 1, 'CONTEXT: win  ENTITY , TARGET2': 1, 'OPP CONTEXT: OPPONENT could': 1, 'CONTEXT: ENTITY , TARGET2': 1, 'PAIR CONTEXT: OPPONENT could KEYWORD': 1, 'CONTEXT: TARGET1 .  Race  will  get': 1, 'OPP CONTEXT: <S> "" OPPONENT could  win  ENTITY': 1, 'OPP CONTEXT: OPPONENT could  win': 1, 'OPP CONTEXT: OPPONENT could  win  ENTITY': 1, 'OPP CONTEXT: "" OPPONENT': 1, 'PAIR CONTEXT: KEYWORD ENTITY ,  TARGET2 ,  ENTITY ,  ENTITY ,  &  ENTITY and  still  lose  to TARGET1': 1, 'CONTEXT: TARGET1 .  Race': 1, 'OPPONENT closer to KEYWORD': 1}"
"['<S>', '"" ', 'OPPONENT', ""won't "", 'win ', 'ENTITY', ', ', 'ENTITY', ', ', 'and ', 'TARGET1', 'will ', 'get ', 'that ', 'in ', 'your ', 'head ', '"" ', '</S>']","['START', 'O', 'MOD', 'O', 'O', 'MOD', 'O', 'MOD', 'O', 'O', 'MOD', 'O', 'O', 'O', 'O', 'O', 'O', 'O', 'END']",Presidential Elections,Clinton,Ohio,"{'Has Negation': 1, 'Dependency path to KEYWORD: OPPONENT <- will -> not -> KEYWORD': 1, ""OPP CONTEXT: OPPONENT won't  win  ENTITY"": 1, 'OPP CONTEXT: "" OPPONENT won\'t': 1, 'CONTEXT: TARGET1 will  get  that  in': 1, 'CONTEXT: ENTITY ,  and TARGET1 will  get  that': 1, 'CONTEXT: TARGET1 will': 1, ""OPP CONTEXT: OPPONENT won't  win  ENTITY ,"": 1, ""PAIR CONTEXT: OPPONENT won't KEYWORD"": 1, 'CONTEXT: ,  and TARGET1 will  get': 1, 'Dependency path to TARGET2: TARGET2': 1, 'OPP CONTEXT: <S> "" OPPONENT won\'t  win': 1, 'CONTEXT: and TARGET1 will': 1, 'CONTEXT: ,  ENTITY ,  and TARGET1 will  get  that  in': 1, 'OPP CONTEXT: <S> "" OPPONENT': 1, 'CONTEXT: ,  ENTITY ,  and TARGET1': 1, 'Dangling Negation': 1, 'CONTEXT: ,  and TARGET1': 1, ""OPP CONTEXT: OPPONENT won't"": 1, 'CONTEXT: and TARGET1': 1, 'CONTEXT: TARGET1 will  get  that': 1, 'CONTEXT: ENTITY ,  and TARGET1': 1, 'PAIR CONTEXT: KEYWORD ENTITY ,  ENTITY ,  and TARGET1': 1, 'OPP CONTEXT: <S> "" OPPONENT won\'t  win  ENTITY ,': 1, ""OPP CONTEXT: OPPONENT won't  win"": 1, 'OPP CONTEXT: "" OPPONENT': 1, 'CONTEXT: TARGET1 will  get': 1, 'OPP CONTEXT: <S> "" OPPONENT won\'t  win  ENTITY': 1, 'OPPONENT closer to KEYWORD': 1}"
"['<S>', 'My ', 'prediction ', 'remains ', 'a ', 'TARGET1', 'win ', 'with ', 'ENTITY', ""'s "", '2012 ', 'map ', 'minus ', 'TARGET2', 'and ', 'ENTITY', '. ', 'With ', 'a ', 'national ', 'lead ', 'at ', 'the ', 'lower ', 'end ', 'of ', '4-6 ', '. ', '#Election2016 ', '</S>']","['START', 'O', 'O', 'O', 'O', 'MOD', 'O', 'O', 'MOD', 'O', 'O', 'O', 'O', 'MOD', 'O', 'MOD', 'O', 'O', 'O', 'O', 'O', 'O', 'O', 'O', 'O', 'O', 'O', 'O', 'O', 'END']",Presidential Elections,Clinton,Ohio,"{""CONTEXT: 's  2012  map  minus TARGET2"": 1, 'CONTEXT: map  minus TARGET2 and  ENTITY': 1, 'CONTEXT: prediction  remains  a TARGET1 win  with  ENTITY': 1, ""CONTEXT: 's  2012  map  minus TARGET2 and  ENTITY .  With"": 1, ""CONTEXT: My  prediction  remains  a TARGET1 win  with  ENTITY 's"": 1, 'CONTEXT: TARGET1 win': 1, 'CONTEXT: TARGET2 and  ENTITY .': 1, 'CONTEXT: a TARGET1 win': 1, 'Dependency path to TARGET2: TARGET2': 1, 'CONTEXT: TARGET2 and  ENTITY': 1, 'CONTEXT: minus TARGET2 and': 1, 'Dependency path to KEYWORD: TARGET1 <- KEYWORD': 1, 'CONTEXT: prediction  remains  a TARGET1': 1, ""PAIR CONTEXT: TARGET1 win  with  ENTITY 's  2012  map  minus TARGET2"": 1, 'CONTEXT: TARGET1 win  with  ENTITY': 1, 'CONTEXT: 2012  map  minus TARGET2 and  ENTITY .': 1, 'CONTEXT: remains  a TARGET1': 1, 'CONTEXT: map  minus TARGET2': 1, 'CONTEXT: a TARGET1': 1, 'CONTEXT: remains  a TARGET1 win  with': 1, ""CONTEXT: TARGET1 win  with  ENTITY 's"": 1, 'CONTEXT: minus TARGET2': 1, 'CONTEXT: TARGET2 and': 1, 'CONTEXT: TARGET2 and  ENTITY .  With': 1, ""PAIR CONTEXT: KEYWORD with  ENTITY 's  2012  map  minus TARGET2"": 1, 'CONTEXT: 2012  map  minus TARGET2': 1, 'CONTEXT: My  prediction  remains  a TARGET1': 1, 'CONTEXT: TARGET1 win  with': 1, 'TARGET closer to KEYWORD': 1}"
"['<S>', '"" ', 'as ', 'a ', 'native ', ', ', 'TARGET1', 'has ', 'more ', 'chance ', 'to ', 'win ', 'Fl ', 'than ', 'TARGET2', '."" ', '</S>']","['START', 'O', 'O', 'O', 'O', 'O', 'MOD', 'O', 'O', 'O', 'O', 'O', 'O', 'O', 'MOD', 'O', 'END']",Presidential Elections,Clinton,Ohio,"{'CONTEXT: as  a  native  , TARGET1 has  more  chance  to': 1, 'CONTEXT: as  a  native  , TARGET1': 1, 'CONTEXT: , TARGET1 has': 1, 'CONTEXT: win  Fl  than TARGET2': 1, 'CONTEXT: TARGET1 has  more': 1, 'CONTEXT: to  win  Fl  than TARGET2': 1, 'CONTEXT: to  win  Fl  than TARGET2 .""  </S>': 1, 'CONTEXT: win  Fl  than TARGET2 .""  </S>': 1, 'CONTEXT: than TARGET2': 1, 'PAIR CONTEXT: KEYWORD Fl  than TARGET2': 1, 'CONTEXT: TARGET1 has  more  chance  to': 1, 'Dependency path to TARGET2: TARGET2': 1, 'CONTEXT: , TARGET1': 1, 'CONTEXT: than TARGET2 .""': 1, 'CONTEXT: Fl  than TARGET2 .""  </S>': 1, 'PAIR CONTEXT: TARGET1 has  more  chance  to  win  Fl  than TARGET2': 1, 'CONTEXT: TARGET2 .""': 1, 'CONTEXT: a  native  , TARGET1 has  more  chance': 1, 'CONTEXT: a  native  , TARGET1': 1, 'PAIR CONTEXT: TARGET1 has  more  chance  to KEYWORD': 1, 'CONTEXT: native  , TARGET1 has  more': 1, 'CONTEXT: TARGET2 .""  </S>': 1, 'CONTEXT: native  , TARGET1': 1, 'CONTEXT: TARGET1 has  more  chance': 1, 'Dependency path to KEYWORD: TARGET1 <- has -> chance -> to -> KEYWORD': 1, 'TARGET closer to KEYWORD': 1, 'CONTEXT: TARGET1 has': 1, 'CONTEXT: Fl  than TARGET2': 1}"
"['<S>', 'We ', 'are ', 'predicting ', 'a ', 'close ', 'race ', 'in ', 'TARGET2', ': ', 'TARGET1', ': ', '49.9 ', '% ', 'Trump ', ': ', '50.1 ', '% ', 'win ', 'probability ', '@HillaryClinton ', '@realDonaldTrump ', '</S>']","['START', 'O', 'O', 'O', 'O', 'O', 'O', 'O', 'MOD', 'O', 'MOD', 'O', 'O', 'O', 'O', 'O', 'O', 'O', 'O', 'O', 'O', 'O', 'END']",Presidential Elections,Clinton,Ohio,"{'CONTEXT: TARGET1 :  49.9  %': 1, 'CONTEXT: TARGET2 :  TARGET1 :': 1, 'CONTEXT: a  close  race  in TARGET2': 1, 'CONTEXT: in TARGET2 :': 1, 'CONTEXT: TARGET2 :': 1, 'PAIR CONTEXT: TARGET1 :  49.9  %  Trump  :  50.1  % KEYWORD': 1, 'CONTEXT: race  in  TARGET2 : TARGET1 :  49.9  %  Trump': 1, 'CONTEXT: in TARGET2': 1, 'CONTEXT: close  race  in TARGET2 :  TARGET1 :': 1, 'Dependency path to TARGET2: TARGET2': 1, 'CONTEXT: TARGET1 :  49.9  %  Trump': 1, 'CONTEXT: TARGET2 : TARGET1': 1, 'CONTEXT: race  in TARGET2 :  TARGET1': 1, 'PAIR CONTEXT: TARGET2 : TARGET1': 1, 'CONTEXT: : TARGET1 :': 1, 'CONTEXT: a  close  race  in TARGET2 :  TARGET1 :  49.9': 1, 'CONTEXT: : TARGET1': 1, 'CONTEXT: race  in TARGET2': 1, 'CONTEXT: TARGET2 :  TARGET1 :  49.9': 1, 'CONTEXT: close  race  in TARGET2': 1, 'CONTEXT: race  in  TARGET2 : TARGET1': 1, 'PAIR CONTEXT: TARGET2 :  TARGET1 :  49.9  %  Trump  :  50.1  % KEYWORD': 1, 'CONTEXT: TARGET2 : TARGET1 :  49.9': 1, 'CONTEXT: in  TARGET2 : TARGET1': 1, 'CONTEXT: in  TARGET2 : TARGET1 :  49.9  %': 1, 'CONTEXT: TARGET2 :  TARGET1': 1, 'CONTEXT: TARGET1 :  49.9': 1, 'TARGET closer to KEYWORD': 1, 'CONTEXT: TARGET1 :': 1}"
"['<S>', 'Even ', 'if ', 'OPPONENT', 'wins ', 'ENTITY', 'AND ', 'TARGET1', 'will ', 'still ', 'win ', 'based ', 'on ', 'current ', 'polling ', '( ', 'assuming ', 'polls ', 'are ', 'correct ', '( ', 'please ', 'be ', 'correct ', '... ', ')) ', '</S>']","['START', 'O', 'O', 'MOD', 'O', 'MOD', 'O', 'MOD', 'O', 'O', 'O', 'O', 'O', 'O', 'O', 'O', 'O', 'O', 'O', 'O', 'O', 'O', 'O', 'O', 'O', 'O', 'END']",Presidential Elections,Clinton,Ohio,"{'Dependency path to KEYWORD: OPPONENT <- KEYWORD': 1, 'OPP CONTEXT: OPPONENT wins  ENTITY AND  TARGET1': 1, 'CONTEXT: ENTITY AND TARGET1': 1, 'PAIR CONTEXT: OPPONENT wins  ENTITY AND  TARGET1 will  still KEYWORD': 1, 'OPP CONTEXT: <S> Even  if OPPONENT wins  ENTITY AND  TARGET1': 1, 'OPPONENT closer to KEYWORD': 1, 'OPP CONTEXT: <S> Even  if OPPONENT wins  ENTITY AND': 1, 'CONTEXT: AND TARGET1 will': 1, 'CONTEXT: TARGET1 will  still  win': 1, 'OPP CONTEXT: Even  if OPPONENT wins  ENTITY': 1, 'CONTEXT: TARGET1 will': 1, 'OPP CONTEXT: OPPONENT wins  ENTITY': 1, 'OPP CONTEXT: OPPONENT wins  ENTITY AND': 1, 'Dependency path to TARGET2: TARGET2': 1, 'CONTEXT: ENTITY AND TARGET1 will  still': 1, 'OPP CONTEXT: if OPPONENT wins': 1, 'CONTEXT: TARGET1 will  still  win  based': 1, 'CONTEXT: wins  ENTITY AND TARGET1 will  still  win': 1, 'OPP CONTEXT: if OPPONENT': 1, 'CONTEXT: AND TARGET1': 1, 'Dependency path to KEYWORD: TARGET1 <- and <- KEYWORD': 1, 'OPP CONTEXT: Even  if OPPONENT': 1, 'OPP CONTEXT: OPPONENT wins': 1, 'OPP CONTEXT: <S> Even  if OPPONENT': 1, 'CONTEXT: OPPONENT wins  ENTITY AND TARGET1 will  still  win  based': 1, 'PAIR CONTEXT: TARGET1 will  still KEYWORD': 1, 'CONTEXT: TARGET1 will  still': 1, 'CONTEXT: OPPONENT wins  ENTITY AND TARGET1': 1, 'CONTEXT: wins  ENTITY AND TARGET1': 1}"
"['<S>', 'The ', 'only ', 'strategy ', 'right ', 'now ', 'for ', 'TARGET1', 'is ', ""don't "", 'let ', 'him ', 'turn ', 'Blue ', 'to ', 'Red ', 'and ', ""don't "", 'let ', 'him ', 'win ', 'both ', 'TARGET2', 'and ', 'ENTITY', '! ', 'Period ', '. ', '</S>']","['START', 'O', 'O', 'O', 'O', 'O', 'O', 'MOD', 'O', 'O', 'O', 'O', 'O', 'O', 'O', 'O', 'O', 'O', 'O', 'O', 'O', 'O', 'MOD', 'O', 'MOD', 'O', 'O', 'O', 'END']",Presidential Elections,Clinton,Ohio,"{""CONTEXT: TARGET1 is  don't  let"": 1, ""PAIR CONTEXT: TARGET1 is  don't  let  him  turn  Blue  to  Red  and  don't  let  him KEYWORD"": 1, 'CONTEXT: both TARGET2 and': 1, 'PAIR CONTEXT: KEYWORD both TARGET2': 1, 'CONTEXT: for TARGET1': 1, 'CONTEXT: let  him  win  both TARGET2 and  ENTITY !  Period': 1, 'CONTEXT: let  him  win  both TARGET2': 1, 'CONTEXT: TARGET1 is': 1, 'CONTEXT: now  for TARGET1': 1, ""CONTEXT: right  now  for TARGET1 is  don't  let"": 1, 'CONTEXT: win  both TARGET2 and  ENTITY': 1, 'Dependency path to TARGET2: TARGET2': 1, 'CONTEXT: TARGET2 and  ENTITY': 1, ""PAIR CONTEXT: TARGET1 is  don't  let  him  turn  Blue  to  Red  and  don't  let  him  win  both TARGET2"": 1, 'CONTEXT: TARGET2 and  ENTITY !': 1, 'CONTEXT: TARGET2 and  ENTITY !  Period': 1, 'CONTEXT: him  win  both TARGET2': 1, ""CONTEXT: strategy  right  now  for TARGET1 is  don't  let  him"": 1, 'Dependency path to KEYWORD: TARGET1 <- for <- strategy <- is <- and -> do -> not -> let -> KEYWORD': 1, ""CONTEXT: now  for TARGET1 is  don't"": 1, 'CONTEXT: strategy  right  now  for TARGET1': 1, ""CONTEXT: TARGET1 is  don't  let  him"": 1, 'Has Negation': 1, 'CONTEXT: win  both TARGET2': 1, 'Contains !': 1, 'CONTEXT: for TARGET1 is': 1, ""CONTEXT: TARGET1 is  don't"": 1, 'CONTEXT: TARGET2 and': 1, 'Ends with .': 1, 'CONTEXT: him  win  both TARGET2 and  ENTITY !': 1, 'CONTEXT: right  now  for TARGET1': 1, 'TARGET closer to KEYWORD': 1, 'CONTEXT: both TARGET2': 1}"
"['<S>', 'Either ', 'there ', 'are ', 'a ', 'ton ', 'of ', 'closeted ', 'TARGET1', 'supporters ', 'or ', 'OPPONENT', 'is ', 'gonna ', 'win ', 'TARGET2', '. ', 'ENTITY', 'OPPONENT', 'everywhere ', '. ', 'TARGET1', 'signs ', 'so ', 'rare ', '. ', '</S>']","['START', 'O', 'O', 'O', 'O', 'O', 'O', 'O', 'MOD', 'O', 'O', 'MOD', 'O', 'O', 'O', 'MOD', 'O', 'MOD', 'MOD', 'O', 'O', 'MOD', 'O', 'O', 'O', 'O', 'END']",Presidential Elections,Clinton,Ohio,"{'CONTEXT: TARGET1 supporters  or  OPPONENT': 1, 'CONTEXT: OPPONENT everywhere  . TARGET1': 1, 'OPP CONTEXT: supporters  or OPPONENT': 1, 'CONTEXT: TARGET2 .  ENTITY OPPONENT': 1, 'Dependency path to KEYWORD: OPPONENT <- signs <- KEYWORD': 1, 'CONTEXT: OPPONENT is  gonna  win TARGET2': 1, 'CONTEXT: of  closeted TARGET1 supporters  or': 1, 'PAIR CONTEXT: TARGET2 .  ENTITY OPPONENT everywhere  . TARGET1': 1, 'CONTEXT: TARGET1 signs  so': 1, 'OPP CONTEXT: closeted  TARGET1 supporters  or OPPONENT is  gonna  win  TARGET2': 1, 'CONTEXT: TARGET2 .  ENTITY': 1, 'Dependency path to KEYWORD: OPPONENT <- is -> gonna -> KEYWORD': 1, 'PAIR CONTEXT: OPPONENT is  gonna KEYWORD': 1, 'OPP CONTEXT: OPPONENT everywhere': 1, 'CONTEXT: gonna  win TARGET2 .  ENTITY': 1, 'CONTEXT: ENTITY OPPONENT everywhere  . TARGET1': 1, 'OPP CONTEXT: win  TARGET2 .  ENTITY OPPONENT': 1, 'CONTEXT: everywhere  . TARGET1': 1, 'OPP CONTEXT: OPPONENT everywhere  .': 1, 'Dependency path to TARGET2: TARGET2': 1, 'CONTEXT: closeted TARGET1 supporters': 1, 'CONTEXT: TARGET1 supporters': 1, 'CONTEXT: win TARGET2 .': 1, 'CONTEXT: everywhere  . TARGET1 signs  so': 1, 'PAIR CONTEXT: KEYWORD TARGET2 .  ENTITY OPPONENT everywhere  . TARGET1': 1, 'CONTEXT: gonna  win TARGET2': 1, 'OPP CONTEXT: .  ENTITY OPPONENT': 1, 'CONTEXT: TARGET2 .  ENTITY OPPONENT everywhere': 1, 'CONTEXT: . TARGET1': 1, 'CONTEXT: TARGET2 .': 1, 'CONTEXT: a  ton  of  closeted TARGET1 supporters  or  OPPONENT is': 1, 'CONTEXT: TARGET1 supporters  or  OPPONENT is': 1, 'Dependency path to KEYWORD: TARGET1 <- supporters <- or -> is -> gonna -> KEYWORD': 1, 'CONTEXT: OPPONENT is  gonna  win TARGET2 .  ENTITY OPPONENT everywhere': 1, 'CONTEXT: ton  of  closeted TARGET1': 1, 'PAIR CONTEXT: TARGET1 supporters  or  OPPONENT is  gonna  win TARGET2': 1, 'OPP CONTEXT: closeted  TARGET1 supporters  or OPPONENT': 1, 'OPP CONTEXT: OPPONENT is': 1, 'CONTEXT: ton  of  closeted TARGET1 supporters  or  OPPONENT': 1, 'CONTEXT: ENTITY OPPONENT everywhere  . TARGET1 signs  so  rare  .': 1, 'CONTEXT: TARGET1 signs': 1, 'OPP CONTEXT: TARGET2 .  ENTITY OPPONENT': 1, 'OPP CONTEXT: OPPONENT is  gonna  win  TARGET2': 1, 'OPP CONTEXT: TARGET2 .  ENTITY OPPONENT everywhere  .  TARGET1': 1, 'CONTEXT: TARGET1 supporters  or': 1, 'PAIR CONTEXT: KEYWORD OPPONENT TARGET2 .  ENTITY': 1, 'CONTEXT: closeted TARGET1': 1, 'OPP CONTEXT: ENTITY OPPONENT everywhere': 1, 'CONTEXT: OPPONENT everywhere  . TARGET1 signs  so  rare': 1, 'OPP CONTEXT: OPPONENT is  gonna  win': 1, 'OPPONENT closer to KEYWORD': 1, 'OPP CONTEXT: OPPONENT everywhere  .  TARGET1': 1, 'CONTEXT: a  ton  of  closeted TARGET1': 1, 'Ends with .': 1, 'OPP CONTEXT: OPPONENT everywhere  .  TARGET1 signs': 1, 'CONTEXT: is  gonna  win TARGET2': 1, 'CONTEXT: win TARGET2': 1, 'CONTEXT: TARGET1 signs  so  rare  .': 1, 'OPP CONTEXT: TARGET1 supporters  or OPPONENT': 1, 'OPP CONTEXT: win  TARGET2 .  ENTITY OPPONENT everywhere  .  TARGET1 signs': 1, 'CONTEXT: of  closeted TARGET1': 1, 'OPP CONTEXT: ENTITY OPPONENT': 1, 'OPP CONTEXT: supporters  or OPPONENT is  gonna': 1, 'OPP CONTEXT: OPPONENT is  gonna': 1, 'OPP CONTEXT: or OPPONENT': 1, 'OPP CONTEXT: or OPPONENT is': 1, 'PAIR CONTEXT: TARGET1 supporters  or  OPPONENT is  gonna KEYWORD': 1, 'CONTEXT: is  gonna  win TARGET2 .  ENTITY OPPONENT': 1, 'OPP CONTEXT: TARGET1 supporters  or OPPONENT is  gonna  win': 1, 'OPP CONTEXT: .  ENTITY OPPONENT everywhere  .': 1, 'CONTEXT: TARGET1 signs  so  rare': 1, 'CONTEXT: . TARGET1 signs': 1}"
"['<S>', '"" ', 'Remember ', ', ', 'TARGET1', 'still ', 'wins ', 'the ', 'election ', 'even ', 'without ', 'TARGET2', ', ', 'ENTITY', ', ', 'and ', 'ENTITY', '. ', 'All ', 'three ', 'she ', 'will ', 'win ', 'tho ', '!"" ', '</S>']","['START', 'O', 'O', 'O', 'MOD', 'O', 'O', 'O', 'O', 'O', 'O', 'MOD', 'O', 'MOD', 'O', 'O', 'MOD', 'O', 'O', 'O', 'O', 'O', 'O', 'O', 'O', 'END']",Presidential Elections,Clinton,Ohio,"{'CONTEXT: ""  Remember  , TARGET1 still  wins  the': 1, 'CONTEXT: , TARGET1 still': 1, 'CONTEXT: the  election  even  without TARGET2 ,  ENTITY ,  and': 1, 'CONTEXT: TARGET2 ,  ENTITY': 1, 'CONTEXT: TARGET2 ,  ENTITY ,': 1, 'CONTEXT: without TARGET2 ,': 1, 'CONTEXT: without TARGET2': 1, 'CONTEXT: even  without TARGET2': 1, 'CONTEXT: TARGET1 still  wins': 1, 'CONTEXT: TARGET1 still': 1, 'CONTEXT: TARGET1 still  wins  the  election': 1, 'CONTEXT: <S> ""  Remember  , TARGET1 still  wins  the  election': 1, 'CONTEXT: , TARGET1': 1, 'CONTEXT: <S> ""  Remember  , TARGET1': 1, 'Dependency path to TARGET2: TARGET2': 1, 'CONTEXT: Remember  , TARGET1 still  wins': 1, 'CONTEXT: TARGET1 still  wins  the': 1, 'Dependency path to KEYWORD: TARGET1 <- KEYWORD': 1, 'CONTEXT: TARGET2 ,': 1, 'CONTEXT: election  even  without TARGET2': 1, 'CONTEXT: election  even  without TARGET2 ,  ENTITY ,': 1, 'PAIR CONTEXT: TARGET1 still  wins  the  election  even  without  TARGET2 ,  ENTITY ,  and  ENTITY .  All  three  she  will KEYWORD': 1, 'CONTEXT: ""  Remember  , TARGET1': 1, 'CONTEXT: the  election  even  without TARGET2': 1, 'CONTEXT: Remember  , TARGET1': 1, 'CONTEXT: TARGET2 ,  ENTITY ,  and': 1, 'PAIR CONTEXT: TARGET1 still  wins  the  election  even  without TARGET2': 1, 'TARGET closer to KEYWORD': 1, 'PAIR CONTEXT: TARGET2 ,  ENTITY ,  and  ENTITY .  All  three  she  will KEYWORD': 1, 'CONTEXT: even  without TARGET2 ,  ENTITY': 1}"
"['<S>', '"" ', 'GOTV ', 'rally ', 'with ', 'TARGET1', 'in ', 'ENTITY', ', ', 'TARGET2', '! ', '#OhioForHillary ', 'is ', 'in ', 'it ', 'to ', 'win ', 'it ', '! ', '#OhioTogether ', '#StrongerTogether ', '"" ', '</S>']","['START', 'O', 'O', 'O', 'O', 'MOD', 'O', 'MOD', 'O', 'MOD', 'O', 'O', 'O', 'O', 'O', 'O', 'O', 'O', 'O', 'O', 'O', 'O', 'END']",Presidential Elections,Clinton,Ohio,"{'CONTEXT: TARGET1 in': 1, 'PAIR CONTEXT: TARGET1 in  ENTITY , TARGET2': 1, 'CONTEXT: ""  GOTV  rally  with TARGET1': 1, 'CONTEXT: GOTV  rally  with TARGET1 in  ENTITY ,': 1, 'CONTEXT: TARGET2 !  #OhioForHillary  is': 1, 'CONTEXT: , TARGET2 !': 1, 'CONTEXT: TARGET1 in  ENTITY ,  TARGET2': 1, 'CONTEXT: with TARGET1 in': 1, 'CONTEXT: with TARGET1': 1, 'CONTEXT: , TARGET2': 1, 'CONTEXT: TARGET2 !  #OhioForHillary': 1, 'CONTEXT: rally  with TARGET1 in  ENTITY': 1, 'PAIR CONTEXT: TARGET1 in  ENTITY ,  TARGET2 !  #OhioForHillary  is  in  it  to KEYWORD': 1, 'CONTEXT: TARGET2 !': 1, 'CONTEXT: TARGET1 in  ENTITY , TARGET2': 1, 'CONTEXT: TARGET1 in  ENTITY': 1, 'CONTEXT: in  ENTITY , TARGET2 !  #OhioForHillary  is': 1, 'CONTEXT: TARGET1 in  ENTITY ,': 1, 'Contains !': 1, 'CONTEXT: ""  GOTV  rally  with TARGET1 in  ENTITY ,  TARGET2': 1, 'CONTEXT: TARGET2 !  #OhioForHillary  is  in': 1, 'CONTEXT: in  ENTITY , TARGET2': 1, 'CONTEXT: ENTITY , TARGET2 !  #OhioForHillary': 1, 'CONTEXT: GOTV  rally  with TARGET1': 1, 'CONTEXT: ENTITY , TARGET2': 1, 'PAIR CONTEXT: TARGET2 !  #OhioForHillary  is  in  it  to KEYWORD': 1, 'CONTEXT: TARGET1 in  ENTITY , TARGET2 !  #OhioForHillary  is  in': 1, 'CONTEXT: rally  with TARGET1': 1, 'TARGET closer to KEYWORD': 1, 'Dependency path to TARGET2: TARGET2': 1}"
"['<S>', '"" ', 'TARGET1', 'is ', 'going ', 'to ', 'win ', 'this ', 'election ', 'with ', 'a ', 'weaker ', 'strength ', 'of ', 'schedule ', 'than ', 'ENTITY', ""'s "", 'football ', 'team ', ', ', 'y\'all."" ', '</S>']","['START', 'O', 'MOD', 'O', 'O', 'O', 'O', 'O', 'O', 'O', 'O', 'O', 'O', 'O', 'O', 'O', 'MOD', 'O', 'O', 'O', 'O', 'O', 'END']",Presidential Elections,Clinton,Ohio,"{'CONTEXT: TARGET1 is  going  to': 1, 'CONTEXT: TARGET1 is  going': 1, 'CONTEXT: <S> "" TARGET1 is  going': 1, 'CONTEXT: <S> "" TARGET1 is  going  to': 1, 'Dependency path to TARGET2: TARGET2': 1, 'Dependency path to KEYWORD: TARGET1 <- is -> going -> to -> KEYWORD': 1, 'CONTEXT: TARGET1 is  going  to  win': 1, 'CONTEXT: "" TARGET1': 1, 'PAIR CONTEXT: TARGET1 is  going  to KEYWORD': 1, 'CONTEXT: <S> "" TARGET1 is  going  to  win': 1, 'CONTEXT: "" TARGET1 is': 1, 'TARGET closer to KEYWORD': 1, 'CONTEXT: TARGET1 is': 1, 'CONTEXT: <S> "" TARGET1': 1}"
"['<S>', 'TARGET1', 'looks ', 'to ', 'win ', 'ENTITY', 'voters ', 'in ', 'TARGET2', '</S>']","['START', 'MOD', 'O', 'O', 'O', 'MOD', 'O', 'O', 'MOD', 'END']",Presidential Elections,Clinton,Ohio,"{'CONTEXT: win  ENTITY voters  in TARGET2 </S>': 1, 'CONTEXT: TARGET1 looks  to  win  ENTITY': 1, 'CONTEXT: <S> TARGET1 looks  to  win': 1, 'Dependency path to KEYWORD: TARGET1 <- looks -> to -> KEYWORD': 1, 'PAIR CONTEXT: TARGET1 looks  to KEYWORD': 1, 'CONTEXT: <S> TARGET1 looks': 1, 'CONTEXT: TARGET2 </S>': 1, 'CONTEXT: ENTITY voters  in TARGET2': 1, 'CONTEXT: in TARGET2 </S>': 1, 'CONTEXT: TARGET1 looks  to': 1, 'CONTEXT: in TARGET2': 1, 'CONTEXT: ENTITY voters  in TARGET2 </S>': 1, 'Dependency path to TARGET2: TARGET2': 1, 'CONTEXT: TARGET1 looks  to  win': 1, 'CONTEXT: win  ENTITY voters  in TARGET2': 1, 'CONTEXT: <S> TARGET1 looks  to  win  ENTITY': 1, 'PAIR CONTEXT: TARGET1 looks  to  win  ENTITY voters  in TARGET2': 1, 'CONTEXT: voters  in TARGET2 </S>': 1, 'CONTEXT: <S> TARGET1': 1, 'CONTEXT: voters  in TARGET2': 1, 'CONTEXT: TARGET1 looks': 1, 'CONTEXT: <S> TARGET1 looks  to': 1, 'TARGET closer to KEYWORD': 1, 'PAIR CONTEXT: KEYWORD ENTITY voters  in TARGET2': 1}"
"['<S>', '<<<<<@PeterAlexander ', '@MTPDaily ', 'TARGET1', 'WILL ', '#WIN ', '#TRUMP ', 'WAS ', 'SEEN ', 'HANGING ', 'OUT ', 'WITH ', 'KNOWN ', 'RACISTS ', 'IN ', '#CLEVELAND ', '#OHIO ', 'SMH ', '</S>']","['START', 'O', 'O', 'MOD', 'O', 'O', 'O', 'O', 'O', 'O', 'O', 'O', 'O', 'O', 'O', 'O', 'O', 'O', 'END']",Presidential Elections,Clinton,Ohio,"{'CONTEXT: <<<<<@PeterAlexander  @MTPDaily TARGET1': 1, 'CONTEXT: TARGET1 WILL': 1, 'CONTEXT: <S> <<<<<@PeterAlexander  @MTPDaily TARGET1 WILL  #WIN  #TRUMP  WAS': 1, 'CONTEXT: TARGET1 WILL  #WIN  #TRUMP': 1, 'Dependency path to KEYWORD: OPPONENT <- was <- KEYWORD': 1, 'CONTEXT: @MTPDaily TARGET1 WILL': 1, 'Dependency path to TARGET2: TARGET2': 1, 'CONTEXT: <<<<<@PeterAlexander  @MTPDaily TARGET1 WILL  #WIN': 1, 'CONTEXT: TARGET1 WILL  #WIN': 1, 'CONTEXT: TARGET1 WILL  #WIN  #TRUMP  WAS': 1, 'Dependency path to KEYWORD: TARGET1 <- will -> KEYWORD': 1, 'CONTEXT: <S> <<<<<@PeterAlexander  @MTPDaily TARGET1 WILL  #WIN  #TRUMP': 1, 'CONTEXT: @MTPDaily TARGET1': 1, 'TARGET closer to KEYWORD': 1, 'CONTEXT: <S> <<<<<@PeterAlexander  @MTPDaily TARGET1': 1}"
"['<S>', '"" ', 'This ', 'is ', 'why ', 'TARGET1', 'is ', 'still ', 'winning ', 'the ', 'betting ', 'markets ', '. ', 'She ', 'can ', 'win ', 'without ', 'ENTITY', ', ', 'TARGET2', ', ', 'ENTITY', 'and ', 'ENTITY', '. ', 'Trump ', 'can\xe2\x80\x99t ', '. ', '"" ', '</S>']","['START', 'O', 'O', 'O', 'O', 'MOD', 'O', 'O', 'O', 'O', 'O', 'O', 'O', 'O', 'O', 'O', 'O', 'MOD', 'O', 'MOD', 'O', 'MOD', 'O', 'MOD', 'O', 'O', 'O', 'O', 'O', 'END']",Presidential Elections,Clinton,Ohio,"{'CONTEXT: , TARGET2 ,': 1, 'CONTEXT: is  why TARGET1': 1, 'PAIR CONTEXT: KEYWORD without  ENTITY , TARGET2': 1, 'CONTEXT: TARGET1 is': 1, 'CONTEXT: TARGET2 ,  ENTITY and  ENTITY': 1, 'CONTEXT: TARGET1 is  still': 1, 'PAIR CONTEXT: TARGET1 is  still  winning  the  betting  markets  .  She  can KEYWORD': 1, 'CONTEXT: ENTITY , TARGET2 ,  ENTITY': 1, 'CONTEXT: , TARGET2': 1, 'CONTEXT: win  without  ENTITY , TARGET2 ,  ENTITY and  ENTITY': 1, 'CONTEXT: ""  This  is  why TARGET1': 1, 'CONTEXT: ""  This  is  why TARGET1 is  still  winning  the': 1, 'CONTEXT: why TARGET1': 1, 'CONTEXT: TARGET2 ,': 1, 'CONTEXT: This  is  why TARGET1': 1, 'CONTEXT: without  ENTITY , TARGET2': 1, 'Dependency path to KEYWORD: TARGET1 <- is -> KEYWORD': 1, 'CONTEXT: win  without  ENTITY , TARGET2': 1, 'CONTEXT: TARGET1 is  still  winning  the': 1, 'CONTEXT: TARGET2 ,  ENTITY and': 1, 'CONTEXT: TARGET1 is  still  winning': 1, 'CONTEXT: is  why TARGET1 is  still': 1, 'CONTEXT: ENTITY , TARGET2': 1, 'PAIR CONTEXT: TARGET1 is  still  winning  the  betting  markets  .  She  can  win  without  ENTITY , TARGET2': 1, 'CONTEXT: without  ENTITY , TARGET2 ,  ENTITY and': 1, 'CONTEXT: why TARGET1 is': 1, 'CONTEXT: This  is  why TARGET1 is  still  winning': 1, 'TARGET closer to KEYWORD': 1, 'Dependency path to TARGET2: TARGET2': 1, 'CONTEXT: TARGET2 ,  ENTITY': 1}"
"['<S>', '"" ', 'My ', 'guess ', 'is ', 'that ', 'TARGET1', 'needs ', 'to ', 'win ', 'one ', 'of ', 'the ', 'following ', 'to ', 'take ', 'the ', 'election ', '-- ', 'ENTITY', ', ', 'ENTITY', ', ', 'ENTITY', ', ', 'TARGET2', 'and ', 'ENTITY', '....."" ', '</S>']","['START', 'O', 'O', 'O', 'O', 'O', 'MOD', 'O', 'O', 'O', 'O', 'O', 'O', 'O', 'O', 'O', 'O', 'O', 'O', 'MOD', 'O', 'MOD', 'O', 'MOD', 'O', 'MOD', 'O', 'MOD', 'O', 'END']",Presidential Elections,Clinton,Ohio,"{'CONTEXT: TARGET2 and  ENTITY .....""  </S>': 1, 'CONTEXT: guess  is  that TARGET1 needs  to  win': 1, 'CONTEXT: TARGET1 needs  to': 1, 'PAIR CONTEXT: TARGET1 needs  to KEYWORD': 1, 'CONTEXT: is  that TARGET1': 1, 'CONTEXT: guess  is  that TARGET1': 1, 'Dependency path to KEYWORD: TARGET1 <- needs -> to -> KEYWORD': 1, 'CONTEXT: TARGET1 needs  to  win  one': 1, 'CONTEXT: ENTITY ,  ENTITY , TARGET2 and  ENTITY .....""  </S>': 1, 'CONTEXT: ,  ENTITY , TARGET2 and  ENTITY .....""': 1, 'CONTEXT: My  guess  is  that TARGET1 needs  to  win  one': 1, 'CONTEXT: ENTITY ,  ENTITY , TARGET2': 1, 'CONTEXT: , TARGET2': 1, 'Dependency path to TARGET2: TARGET2': 1, 'CONTEXT: TARGET2 and  ENTITY': 1, 'CONTEXT: TARGET1 needs  to  win': 1, 'CONTEXT: ENTITY , TARGET2 and  ENTITY': 1, 'CONTEXT: TARGET2 and  ENTITY .....""': 1, 'CONTEXT: is  that TARGET1 needs  to': 1, 'CONTEXT: TARGET1 needs': 1, 'CONTEXT: My  guess  is  that TARGET1': 1, 'CONTEXT: ENTITY , TARGET2': 1, 'CONTEXT: that TARGET1 needs': 1, 'CONTEXT: , TARGET2 and': 1, 'CONTEXT: TARGET2 and': 1, 'CONTEXT: ,  ENTITY , TARGET2': 1, 'PAIR CONTEXT: TARGET1 needs  to  win  one  of  the  following  to  take  the  election  --  ENTITY ,  ENTITY ,  ENTITY , TARGET2': 1, 'TARGET closer to KEYWORD': 1, 'PAIR CONTEXT: KEYWORD one  of  the  following  to  take  the  election  --  ENTITY ,  ENTITY ,  ENTITY , TARGET2': 1, 'CONTEXT: that TARGET1': 1}"
"['<S>', '@FiveThirtyEight ', 'explain ', 'how ', '10 ', 'days ', 'ago ', 'TARGET1', 'had ', '70% ', 'chance ', 'to ', 'win ', 'TARGET2', 'and ', 'now ', 'its ', '45% ', '. ', '</S>']","['START', 'O', 'O', 'O', 'O', 'O', 'O', 'MOD', 'O', 'O', 'O', 'O', 'O', 'MOD', 'O', 'O', 'O', 'O', 'O', 'END']",Presidential Elections,Clinton,Ohio,"{'CONTEXT: win TARGET2 and': 1, 'CONTEXT: chance  to  win TARGET2 and  now  its': 1, 'CONTEXT: 70%  chance  to  win TARGET2 and  now  its  45%': 1, 'PAIR CONTEXT: TARGET1 had  70%  chance  to  win TARGET2': 1, 'CONTEXT: to  win TARGET2': 1, 'CONTEXT: TARGET2 and  now  its  45%': 1, 'CONTEXT: days  ago TARGET1': 1, 'CONTEXT: 10  days  ago TARGET1 had  70%  chance': 1, 'CONTEXT: chance  to  win TARGET2': 1, 'CONTEXT: to  win TARGET2 and  now': 1, 'CONTEXT: TARGET1 had  70%': 1, 'Dependency path to TARGET2: TARGET2': 1, 'Dependency path to KEYWORD: TARGET1 <- had -> chance -> to -> KEYWORD': 1, 'CONTEXT: ago TARGET1 had': 1, 'CONTEXT: win TARGET2': 1, 'CONTEXT: TARGET1 had  70%  chance  to': 1, 'CONTEXT: TARGET2 and': 1, 'CONTEXT: days  ago TARGET1 had  70%': 1, 'CONTEXT: how  10  days  ago TARGET1': 1, 'PAIR CONTEXT: TARGET1 had  70%  chance  to KEYWORD': 1, 'CONTEXT: 10  days  ago TARGET1': 1, 'CONTEXT: ago TARGET1': 1, 'CONTEXT: TARGET2 and  now  its': 1, 'CONTEXT: TARGET2 and  now': 1, 'Ends with .': 1, 'CONTEXT: how  10  days  ago TARGET1 had  70%  chance  to': 1, 'CONTEXT: TARGET1 had  70%  chance': 1, 'CONTEXT: TARGET1 had': 1, 'CONTEXT: 70%  chance  to  win TARGET2': 1, 'TARGET closer to KEYWORD': 1}"
"['<S>', '"" ', 'A ', 'win ', 'in ', 'ENTITY', ', ', '& ', 'ENTITY', '& ', 'TARGET2', ', ', 'too ', ', ', 'still ', ""isn't "", 'enough ', 'to ', 'get ', 'Trump ', 'to ', '270 ', '. ', 'He ', 'also ', 'needs ', 'to ', 'win ', 'states ', 'now ', 'leaning ', 'TARGET1', ""'s "", 'way ', '"" ', '</S>']","['START', 'O', 'O', 'O', 'O', 'MOD', 'O', 'O', 'MOD', 'O', 'MOD', 'O', 'O', 'O', 'O', 'O', 'O', 'O', 'O', 'O', 'O', 'O', 'O', 'O', 'O', 'O', 'O', 'O', 'O', 'O', 'O', 'MOD', 'O', 'O', 'O', 'END']",Presidential Elections,Clinton,Ohio,"{'Has Negation': 1, ""CONTEXT: leaning TARGET1 's"": 1, 'CONTEXT: now  leaning TARGET1': 1, ""CONTEXT: now  leaning TARGET1 's  way"": 1, 'CONTEXT: TARGET1 \'s  way  ""': 1, 'CONTEXT: ENTITY & TARGET2 ,  too': 1, 'CONTEXT: leaning TARGET1': 1, 'CONTEXT: TARGET2 ,  too': 1, 'CONTEXT: states  now  leaning TARGET1': 1, 'CONTEXT: TARGET1 \'s  way  ""  </S>': 1, 'CONTEXT: ENTITY & TARGET2': 1, 'Dependency path to TARGET2: TARGET2': 1, ""CONTEXT: TARGET1 's"": 1, 'CONTEXT: TARGET2 ,  too  ,': 1, 'CONTEXT: win  states  now  leaning TARGET1 \'s  way  ""  </S>': 1, 'PAIR CONTEXT: KEYWORD states  now  leaning TARGET1': 1, 'PAIR CONTEXT: KEYWORD in  ENTITY ,  &  ENTITY & TARGET2': 1, 'CONTEXT: &  ENTITY & TARGET2 ,  too  ,': 1, ""PAIR CONTEXT: KEYWORD in  ENTITY ,  &  ENTITY &  TARGET2 ,  too  ,  still  isn't  enough  to  get  Trump  to  270  .  He  also  needs  to  win  states  now  leaning TARGET1"": 1, 'CONTEXT: TARGET2 ,  too  ,  still': 1, ""PAIR CONTEXT: TARGET2 ,  too  ,  still  isn't  enough  to  get  Trump  to  270  .  He  also  needs  to  win  states  now  leaning TARGET1"": 1, 'CONTEXT: TARGET2 ,': 1, 'CONTEXT: states  now  leaning TARGET1 \'s  way  ""': 1, 'CONTEXT: &  ENTITY & TARGET2': 1, ""CONTEXT: TARGET1 's  way"": 1, ""PAIR CONTEXT: TARGET2 ,  too  ,  still  isn't  enough  to  get  Trump  to  270  .  He  also  needs  to KEYWORD"": 1, 'CONTEXT: ,  &  ENTITY & TARGET2': 1, 'CONTEXT: & TARGET2 ,': 1, 'CONTEXT: & TARGET2': 1, 'CONTEXT: win  states  now  leaning TARGET1': 1, 'TARGET closer to KEYWORD': 1, 'CONTEXT: ,  &  ENTITY & TARGET2 ,  too  ,  still': 1}"
"['<S>', '"" ', '1 2 ', 'Updated ', 'my ', '@BBCNews ', 'predictor ', 'for ', 'the ', '#USElection ', '- ', 'TARGET1', 'narrow ', 'win ', 'with ', 'ENTITY', '& ', 'ENTITY', ', ', 'OPPONENT', 'takes ', 'ENTITY', '& ', 'TARGET2', '"" ', '</S>']","['START', 'O', 'O', 'O', 'O', 'O', 'O', 'O', 'O', 'O', 'O', 'MOD', 'O', 'O', 'O', 'MOD', 'O', 'MOD', 'O', 'MOD', 'O', 'MOD', 'O', 'MOD', 'O', 'END']",Presidential Elections,Clinton,Ohio,"{'OPP CONTEXT: OPPONENT takes  ENTITY': 1, 'Dependency path to KEYWORD: TARGET1 <- KEYWORD': 1, 'CONTEXT: takes  ENTITY & TARGET2': 1, 'CONTEXT: TARGET1 narrow  win  with  ENTITY': 1, 'CONTEXT: TARGET1 narrow': 1, 'OPP CONTEXT: &  ENTITY , OPPONENT takes  ENTITY &': 1, 'PAIR CONTEXT: KEYWORD with  ENTITY &  ENTITY ,  OPPONENT takes  ENTITY & TARGET2': 1, 'CONTEXT: TARGET1 narrow  win  with': 1, 'CONTEXT: ENTITY & TARGET2': 1, 'Dependency path to TARGET2: TARGET2': 1, 'PAIR CONTEXT: KEYWORD OPPONENT with  ENTITY &  ENTITY ,': 1, 'CONTEXT: - TARGET1 narrow': 1, 'CONTEXT: & TARGET2 ""': 1, 'PAIR CONTEXT: TARGET1 narrow KEYWORD': 1, 'OPP CONTEXT: ENTITY &  ENTITY , OPPONENT': 1, 'CONTEXT: for  the  #USElection  - TARGET1 narrow  win  with  ENTITY': 1, 'OPP CONTEXT: , OPPONENT': 1, 'PAIR CONTEXT: TARGET1 narrow  win  with  ENTITY &  ENTITY ,  OPPONENT takes  ENTITY & TARGET2': 1, 'CONTEXT: TARGET2 ""': 1, 'CONTEXT: - TARGET1': 1, 'OPP CONTEXT: OPPONENT takes': 1, 'CONTEXT: OPPONENT takes  ENTITY & TARGET2': 1, 'OPP CONTEXT: &  ENTITY , OPPONENT': 1, 'OPP CONTEXT: OPPONENT takes  ENTITY &': 1, 'OPP CONTEXT: , OPPONENT takes': 1, 'CONTEXT: the  #USElection  - TARGET1 narrow  win  with': 1, 'CONTEXT: ENTITY & TARGET2 ""  </S>': 1, 'CONTEXT: the  #USElection  - TARGET1': 1, 'OPP CONTEXT: OPPONENT takes  ENTITY &  TARGET2': 1, 'OPP CONTEXT: ENTITY , OPPONENT': 1, 'CONTEXT: for  the  #USElection  - TARGET1': 1, 'OPP CONTEXT: ENTITY , OPPONENT takes  ENTITY': 1, 'CONTEXT: takes  ENTITY & TARGET2 ""  </S>': 1, 'CONTEXT: TARGET2 ""  </S>': 1, 'CONTEXT: OPPONENT takes  ENTITY & TARGET2 ""  </S>': 1, 'CONTEXT: TARGET1 narrow  win': 1, 'CONTEXT: & TARGET2': 1, 'CONTEXT: #USElection  - TARGET1': 1, 'OPP CONTEXT: ENTITY &  ENTITY , OPPONENT takes  ENTITY &  TARGET2': 1, 'CONTEXT: #USElection  - TARGET1 narrow  win': 1, 'TARGET closer to KEYWORD': 1}"
"['<S>', '"" ', ""Isn't "", 'the ', 'goal ', 'of ', 'the ', 'election ', 'to ', 'win ', '? ', 'TARGET2', ', ', 'Fla ', '., ', 'ENTITY', '., ', 'ENTITY', 'irrelevant ', 'to ', 'TARGET1', 'winning ', '"" ', '</S>']","['START', 'O', 'O', 'O', 'O', 'O', 'O', 'O', 'O', 'O', 'O', 'MOD', 'O', 'O', 'O', 'MOD', 'O', 'MOD', 'O', 'O', 'MOD', 'O', 'O', 'END']",Presidential Elections,Clinton,Ohio,"{'PAIR CONTEXT: TARGET2 ,  Fla  .,  ENTITY .,  ENTITY irrelevant  to TARGET1': 1, 'Has Negation': 1, 'CONTEXT: irrelevant  to TARGET1': 1, 'CONTEXT: TARGET2 ,  Fla': 1, 'CONTEXT: to TARGET1': 1, 'CONTEXT: ? TARGET2': 1, 'CONTEXT: TARGET2 ,  Fla  .,': 1, 'CONTEXT: ENTITY irrelevant  to TARGET1': 1, 'CONTEXT: to  win  ? TARGET2': 1, 'CONTEXT: election  to  win  ? TARGET2 ,  Fla  .,  ENTITY': 1, 'CONTEXT: ENTITY irrelevant  to TARGET1 winning  ""  </S>': 1, 'Dependency path to TARGET2: TARGET2': 1, 'CONTEXT: TARGET2 ,  Fla  .,  ENTITY': 1, 'CONTEXT: TARGET1 winning  ""  </S>': 1, 'CONTEXT: .,  ENTITY irrelevant  to TARGET1 winning  ""  </S>': 1, 'CONTEXT: TARGET2 ,': 1, 'PAIR CONTEXT: KEYWORD ? TARGET2': 1, 'CONTEXT: election  to  win  ? TARGET2': 1, 'CONTEXT: to  win  ? TARGET2 ,  Fla  .,': 1, 'PAIR CONTEXT: KEYWORD ?  TARGET2 ,  Fla  .,  ENTITY .,  ENTITY irrelevant  to TARGET1': 1, 'CONTEXT: to TARGET1 winning': 1, 'CONTEXT: irrelevant  to TARGET1 winning  ""': 1, 'CONTEXT: win  ? TARGET2': 1, 'Contains ?': 1, 'CONTEXT: TARGET1 winning': 1, 'Dependency path to KEYWORD: TARGET1 <- to -> KEYWORD': 1, 'CONTEXT: ? TARGET2 ,': 1, 'CONTEXT: TARGET1 winning  ""': 1, 'CONTEXT: win  ? TARGET2 ,  Fla': 1, 'CONTEXT: .,  ENTITY irrelevant  to TARGET1': 1, 'TARGET closer to KEYWORD': 1}"
"['<S>', '"" ', 'To ', 'win ', ', ', 'OPPONENT', 'must ', 'take ', 'every ', 'key ', 'swing ', 'state ', ', ', '& ', 'breach ', 'Clinton ', 'fortress ', 'in ', 'at ', 'least ', '1 ', 'state ', '. ', 'If ', 'TARGET1', 'holds ', 'ENTITY', ', ', 'TARGET2', 'OR ', 'ENTITY', ', ', ""we're "", 'OK ', '"" ', '</S>']","['START', 'O', 'O', 'O', 'O', 'MOD', 'O', 'O', 'O', 'O', 'O', 'O', 'O', 'O', 'O', 'O', 'O', 'O', 'O', 'O', 'O', 'O', 'O', 'O', 'MOD', 'O', 'MOD', 'O', 'MOD', 'O', 'MOD', 'O', 'O', 'O', 'O', 'END']",Presidential Elections,Clinton,Ohio,"{'OPP CONTEXT: OPPONENT must  take  every  key': 1, 'CONTEXT: .  If TARGET1 holds  ENTITY': 1, ""CONTEXT: TARGET2 OR  ENTITY ,  we're"": 1, 'CONTEXT: If TARGET1': 1, 'CONTEXT: TARGET1 holds  ENTITY ,': 1, 'OPP CONTEXT: OPPONENT must  take  every': 1, 'CONTEXT: ENTITY , TARGET2 OR  ENTITY': 1, 'OPPONENT closer to KEYWORD': 1, 'PAIR CONTEXT: KEYWORD ,  OPPONENT must  take  every  key  swing  state  ,  &  breach  Clinton  fortress  in  at  least  1  state  .  If  TARGET1 holds  ENTITY , TARGET2': 1, 'CONTEXT: 1  state  .  If TARGET1 holds  ENTITY ,  TARGET2': 1, 'CONTEXT: state  .  If TARGET1': 1, 'CONTEXT: holds  ENTITY , TARGET2': 1, 'CONTEXT: TARGET1 holds  ENTITY , TARGET2': 1, 'PAIR CONTEXT: TARGET1 holds  ENTITY , TARGET2': 1, 'CONTEXT: , TARGET2': 1, 'Dependency path to TARGET2: TARGET2': 1, 'CONTEXT: state  .  If TARGET1 holds  ENTITY ,': 1, 'CONTEXT: If TARGET1 holds': 1, 'CONTEXT: .  If TARGET1': 1, 'OPP CONTEXT: win  , OPPONENT': 1, 'CONTEXT: 1  state  .  If TARGET1': 1, 'CONTEXT: TARGET2 OR  ENTITY': 1, 'OPP CONTEXT: , OPPONENT': 1, 'Dependency path to KEYWORD: OPPONENT <- must -> take -> state -> KEYWORD': 1, 'CONTEXT: TARGET1 holds  ENTITY': 1, 'CONTEXT: holds  ENTITY , TARGET2 OR  ENTITY ,': 1, 'OPP CONTEXT: ""  To  win  , OPPONENT': 1, 'OPP CONTEXT: , OPPONENT must': 1, 'CONTEXT: ENTITY , TARGET2': 1, 'OPP CONTEXT: win  , OPPONENT must  take': 1, 'CONTEXT: TARGET2 OR': 1, 'CONTEXT: TARGET1 holds  ENTITY ,  TARGET2': 1, 'OPP CONTEXT: To  win  , OPPONENT': 1, 'OPP CONTEXT: To  win  , OPPONENT must  take  every': 1, 'CONTEXT: , TARGET2 OR': 1, ""CONTEXT: TARGET1 holds  ENTITY , TARGET2 OR  ENTITY ,  we're"": 1, 'OPP CONTEXT: OPPONENT must': 1, 'CONTEXT: TARGET1 holds': 1, 'PAIR CONTEXT: KEYWORD OPPONENT ,': 1, 'PAIR CONTEXT: KEYWORD ,  OPPONENT must  take  every  key  swing  state  ,  &  breach  Clinton  fortress  in  at  least  1  state  .  If TARGET1': 1, 'OPP CONTEXT: OPPONENT must  take': 1, 'OPP CONTEXT: ""  To  win  , OPPONENT must  take  every  key': 1, 'CONTEXT: TARGET2 OR  ENTITY ,': 1}"
"['<S>', 'Clinton\xe2\x80\x99s ', 'popularity ', 'in ', 'the ', 'polls ', 'may ', 'be ', 'down ', 'but ', 'her ', 'supporters ', 'in ', 'TARGET2', 'don\xe2\x80\x99t ', 'care ', 'we ', 'will ', 'win ', 'in ', 'ohio ', 'the ', 'lies ', 'do ', 'not ', 'matter ', '</S>']","['START', 'O', 'O', 'O', 'O', 'O', 'O', 'O', 'O', 'O', 'O', 'O', 'O', 'MOD', 'O', 'O', 'O', 'O', 'O', 'O', 'O', 'O', 'O', 'O', 'O', 'O', 'END']",Presidential Elections,Clinton,Ohio,"{'CONTEXT: but  her  supporters  in TARGET2': 1, 'Dependency path to TARGET2: TARGET2': 1, 'CONTEXT: supporters  in TARGET2': 1, 'CONTEXT: in TARGET2': 1, 'CONTEXT: her  supporters  in TARGET2': 1}"
"['<S>', '"" ', 'I ', 'already ', 'wrote ', 'to ', 'ENTITY', 'before ', 'he ', 'still ', 'thinks ', 'TARGET1', 'will ', 'win ', 'ENTITY', ', ', 'ENTITY', 'and ', 'TARGET2', '. ', 'MSM ', 'FAIL ', 'again ', '"" ', '</S>']","['START', 'O', 'O', 'O', 'O', 'O', 'MOD', 'O', 'O', 'O', 'O', 'MOD', 'O', 'O', 'MOD', 'O', 'MOD', 'O', 'MOD', 'O', 'O', 'O', 'O', 'O', 'END']",Presidential Elections,Clinton,Ohio,"{'CONTEXT: TARGET2 .  MSM  FAIL': 1, 'CONTEXT: before  he  still  thinks TARGET1': 1, 'CONTEXT: ENTITY and TARGET2 .  MSM': 1, 'CONTEXT: thinks TARGET1 will': 1, 'CONTEXT: still  thinks TARGET1 will  win': 1, 'CONTEXT: TARGET1 will  win  ENTITY': 1, 'CONTEXT: ENTITY ,  ENTITY and TARGET2': 1, 'CONTEXT: he  still  thinks TARGET1 will  win  ENTITY': 1, 'CONTEXT: before  he  still  thinks TARGET1 will  win  ENTITY ,': 1, 'CONTEXT: TARGET1 will': 1, 'CONTEXT: thinks TARGET1': 1, 'CONTEXT: ,  ENTITY and TARGET2 .  MSM  FAIL': 1, 'Dependency path to TARGET2: TARGET2': 1, 'CONTEXT: still  thinks TARGET1': 1, 'CONTEXT: TARGET2 .': 1, 'PAIR CONTEXT: KEYWORD ENTITY ,  ENTITY and TARGET2': 1, 'CONTEXT: TARGET2 .  MSM  FAIL  again': 1, 'CONTEXT: he  still  thinks TARGET1': 1, 'CONTEXT: TARGET1 will  win  ENTITY ,': 1, 'CONTEXT: and TARGET2': 1, 'PAIR CONTEXT: TARGET1 will KEYWORD': 1, 'CONTEXT: TARGET1 will  win': 1, 'Dependency path to KEYWORD: TARGET1 <- will -> KEYWORD': 1, 'CONTEXT: ENTITY and TARGET2': 1, 'CONTEXT: and TARGET2 .': 1, 'PAIR CONTEXT: TARGET1 will  win  ENTITY ,  ENTITY and TARGET2': 1, 'CONTEXT: ENTITY ,  ENTITY and TARGET2 .  MSM  FAIL  again': 1, 'CONTEXT: ,  ENTITY and TARGET2': 1, 'TARGET closer to KEYWORD': 1, 'CONTEXT: TARGET2 .  MSM': 1}"
"['<S>', '@gigglemitz ', 'well ', 'considering ', 'TARGET1', 'will ', 'win ', 'without ', 'TARGET2', 'and ', 'ENTITY', 'What ', 'is ', 'his ', 'exact ', 'path ', '? ', '#itsover ', '</S>']","['START', 'O', 'O', 'O', 'MOD', 'O', 'O', 'O', 'MOD', 'O', 'MOD', 'O', 'O', 'O', 'O', 'O', 'O', 'O', 'END']",Presidential Elections,Clinton,Ohio,"{'CONTEXT: will  win  without TARGET2': 1, 'CONTEXT: TARGET2 and  ENTITY What  is': 1, 'CONTEXT: TARGET1 will  win  without  TARGET2': 1, 'CONTEXT: TARGET1 will  win  without TARGET2 and  ENTITY What  is': 1, 'CONTEXT: TARGET2 and': 1, 'CONTEXT: win  without TARGET2 and  ENTITY': 1, 'CONTEXT: will  win  without TARGET2 and  ENTITY What': 1, 'CONTEXT: well  considering TARGET1': 1, 'CONTEXT: without TARGET2': 1, 'CONTEXT: TARGET1 will': 1, 'CONTEXT: considering TARGET1': 1, 'Dependency path to TARGET2: TARGET2': 1, 'CONTEXT: TARGET2 and  ENTITY': 1, 'CONTEXT: <S> @gigglemitz  well  considering TARGET1 will  win  without  TARGET2': 1, 'CONTEXT: @gigglemitz  well  considering TARGET1 will  win  without': 1, 'CONTEXT: @gigglemitz  well  considering TARGET1': 1, 'Contains ?': 1, 'CONTEXT: considering TARGET1 will': 1, 'CONTEXT: <S> @gigglemitz  well  considering TARGET1': 1, 'CONTEXT: TARGET2 and  ENTITY What': 1, 'PAIR CONTEXT: KEYWORD without TARGET2': 1, 'PAIR CONTEXT: TARGET1 will KEYWORD': 1, 'CONTEXT: TARGET1 will  win': 1, 'CONTEXT: win  without TARGET2': 1, 'CONTEXT: well  considering TARGET1 will  win': 1, 'CONTEXT: TARGET1 will  win  without TARGET2': 1, 'Dependency path to KEYWORD: TARGET1 <- will -> KEYWORD': 1, 'PAIR CONTEXT: TARGET1 will  win  without TARGET2': 1, 'TARGET closer to KEYWORD': 1, 'CONTEXT: without TARGET2 and': 1, 'CONTEXT: TARGET1 will  win  without': 1}"
"['<S>', 'ENTITY', 'goes ', 'with ', '#Clinton ', 'if ', 'the ', 'Cubs ', 'win ', 'or ', 'not ', '. ', '#Cleveland ', '#Ohio ', '</S>']","['START', 'MOD', 'O', 'O', 'O', 'O', 'O', 'O', 'O', 'O', 'O', 'O', 'O', 'O', 'END']",Presidential Elections,Clinton,Ohio,"{'Dependency path to TARGET2: TARGET2': 1, 'Dependency path to KEYWORD: TARGET1 <- with <- goes -> if -> or -> KEYWORD': 1}"
"['<S>', '#Bitcoin ', '#Betting ', '| ', 'Will ', 'TARGET1', 'win ', 'in ', 'TARGET2', '? ', 'tnx ', '@BitcoinRTs ', '</S>']","['START', 'O', 'O', 'O', 'O', 'MOD', 'O', 'O', 'MOD', 'O', 'O', 'O', 'END']",Presidential Elections,Clinton,Ohio,"{'CONTEXT: TARGET2 ?': 1, 'CONTEXT: |  Will TARGET1': 1, 'CONTEXT: #Betting  |  Will TARGET1 win  in  TARGET2': 1, 'CONTEXT: TARGET2 ?  tnx': 1, 'CONTEXT: Will  TARGET1 win  in TARGET2 ?  tnx  @BitcoinRTs  </S>': 1, 'PAIR CONTEXT: KEYWORD in TARGET2': 1, 'CONTEXT: in TARGET2 ?': 1, 'CONTEXT: TARGET1 win': 1, 'CONTEXT: TARGET2 ?  tnx  @BitcoinRTs': 1, 'CONTEXT: #Betting  |  Will TARGET1': 1, 'CONTEXT: Will TARGET1 win': 1, 'CONTEXT: in TARGET2': 1, 'CONTEXT: #Bitcoin  #Betting  |  Will TARGET1 win  in  TARGET2 ?': 1, 'CONTEXT: win  in TARGET2 ?  tnx': 1, 'CONTEXT: TARGET1 win  in': 1, 'CONTEXT: TARGET2 ?  tnx  @BitcoinRTs  </S>': 1, 'CONTEXT: Will  TARGET1 win  in TARGET2': 1, 'Dependency path to KEYWORD: TARGET1 <- KEYWORD': 1, 'Contains ?': 1, 'CONTEXT: TARGET1 win  in TARGET2 ?  tnx  @BitcoinRTs': 1, 'CONTEXT: #Bitcoin  #Betting  |  Will TARGET1': 1, 'CONTEXT: win  in TARGET2': 1, 'CONTEXT: |  Will TARGET1 win  in': 1, 'CONTEXT: TARGET1 win  in TARGET2': 1, 'PAIR CONTEXT: TARGET1 win  in TARGET2': 1, 'CONTEXT: TARGET1 win  in  TARGET2': 1, 'CONTEXT: TARGET1 win  in  TARGET2 ?': 1, 'CONTEXT: Will TARGET1': 1, 'TARGET closer to KEYWORD': 1, 'Dependency path to TARGET2: TARGET2': 1}"
"['<S>', '"" ', 'To ', 'win ', 'TARGET2', ', ', 'TARGET1', 'courts ', 'Millennials ', '"" ', '</S>']","['START', 'O', 'O', 'O', 'MOD', 'O', 'MOD', 'O', 'O', 'O', 'END']",Presidential Elections,Clinton,Ohio,"{'CONTEXT: To  win TARGET2 ,  TARGET1': 1, 'CONTEXT: To  win  TARGET2 , TARGET1': 1, 'CONTEXT: TARGET2 , TARGET1 courts  Millennials': 1, 'CONTEXT: win  TARGET2 , TARGET1 courts  Millennials  ""': 1, 'PAIR CONTEXT: TARGET2 , TARGET1': 1, 'CONTEXT: ""  To  win TARGET2': 1, 'CONTEXT: TARGET1 courts  Millennials': 1, 'CONTEXT: win  TARGET2 , TARGET1': 1, 'Dependency path to TARGET2: TARGET2': 1, 'CONTEXT: , TARGET1': 1, 'CONTEXT: To  win TARGET2': 1, 'CONTEXT: win TARGET2 ,': 1, 'CONTEXT: TARGET2 ,  TARGET1': 1, 'CONTEXT: TARGET2 ,': 1, 'CONTEXT: TARGET2 ,  TARGET1 courts  Millennials': 1, 'CONTEXT: win TARGET2': 1, 'CONTEXT: TARGET2 ,  TARGET1 courts': 1, 'CONTEXT: TARGET2 , TARGET1': 1, 'CONTEXT: TARGET1 courts': 1, 'CONTEXT: TARGET1 courts  Millennials  ""  </S>': 1, 'CONTEXT: , TARGET1 courts': 1, 'PAIR CONTEXT: KEYWORD TARGET2 , TARGET1': 1, 'CONTEXT: <S> ""  To  win TARGET2 ,  TARGET1 courts  Millennials': 1, 'CONTEXT: ""  To  win TARGET2 ,  TARGET1 courts': 1, 'CONTEXT: To  win  TARGET2 , TARGET1 courts  Millennials  ""  </S>': 1, 'CONTEXT: <S> ""  To  win TARGET2': 1, 'CONTEXT: TARGET1 courts  Millennials  ""': 1, 'TARGET closer to KEYWORD': 1}"
"['<S>', '"" ', 'To ', 'win ', 'TARGET2', ', ', 'TARGET1', 'courts ', 'Millennials ', '#business ', '#mlm ', '#marketing ', '"" ', '</S>']","['START', 'O', 'O', 'O', 'MOD', 'O', 'MOD', 'O', 'O', 'O', 'O', 'O', 'O', 'END']",Presidential Elections,Clinton,Ohio,"{'CONTEXT: To  win TARGET2 ,  TARGET1': 1, 'CONTEXT: To  win  TARGET2 , TARGET1': 1, 'CONTEXT: TARGET2 , TARGET1 courts  Millennials': 1, 'PAIR CONTEXT: TARGET2 , TARGET1': 1, 'CONTEXT: ""  To  win TARGET2': 1, 'CONTEXT: TARGET1 courts  Millennials': 1, 'CONTEXT: TARGET1 courts  Millennials  #business  #mlm': 1, 'CONTEXT: win  TARGET2 , TARGET1': 1, 'Dependency path to TARGET2: TARGET2': 1, 'CONTEXT: , TARGET1': 1, 'CONTEXT: To  win TARGET2': 1, 'CONTEXT: win TARGET2 ,': 1, 'CONTEXT: TARGET2 ,  TARGET1': 1, 'CONTEXT: TARGET2 ,': 1, 'CONTEXT: TARGET2 ,  TARGET1 courts  Millennials': 1, 'CONTEXT: win TARGET2': 1, 'CONTEXT: TARGET1 courts  Millennials  #business': 1, 'CONTEXT: TARGET2 ,  TARGET1 courts': 1, 'CONTEXT: To  win  TARGET2 , TARGET1 courts  Millennials  #business  #mlm': 1, 'CONTEXT: win  TARGET2 , TARGET1 courts  Millennials  #business': 1, 'CONTEXT: TARGET2 , TARGET1': 1, 'CONTEXT: TARGET1 courts': 1, 'CONTEXT: , TARGET1 courts': 1, 'PAIR CONTEXT: KEYWORD TARGET2 , TARGET1': 1, 'CONTEXT: <S> ""  To  win TARGET2 ,  TARGET1 courts  Millennials': 1, 'CONTEXT: ""  To  win TARGET2 ,  TARGET1 courts': 1, 'CONTEXT: <S> ""  To  win TARGET2': 1, 'TARGET closer to KEYWORD': 1}"
"['<S>', '"" ', 'To ', 'win ', 'TARGET2', ', ', 'TARGET1', 'courts ', 'Millennials ', ': ', 'Right ', 'now ', ', ', 'ENTITY', ""'s "", 'hottest ', 'city ', 'for ', 'ENTITY', 'professionals ', 'is ', 'ENTITY', '. ', '"" ', '</S>']","['START', 'O', 'O', 'O', 'MOD', 'O', 'MOD', 'O', 'O', 'O', 'O', 'O', 'O', 'MOD', 'O', 'O', 'O', 'O', 'MOD', 'O', 'O', 'MOD', 'O', 'O', 'END']",Presidential Elections,Clinton,Ohio,"{'CONTEXT: To  win TARGET2 ,  TARGET1': 1, 'CONTEXT: To  win  TARGET2 , TARGET1': 1, 'CONTEXT: win  TARGET2 , TARGET1 courts  Millennials  :': 1, 'CONTEXT: TARGET2 , TARGET1 courts  Millennials': 1, 'PAIR CONTEXT: TARGET2 , TARGET1': 1, 'CONTEXT: To  win  TARGET2 , TARGET1 courts  Millennials  :  Right': 1, 'CONTEXT: ""  To  win TARGET2': 1, 'CONTEXT: TARGET1 courts  Millennials': 1, 'CONTEXT: win  TARGET2 , TARGET1': 1, 'Dependency path to TARGET2: TARGET2': 1, 'CONTEXT: , TARGET1': 1, 'CONTEXT: TARGET1 courts  Millennials  :': 1, 'CONTEXT: To  win TARGET2': 1, 'CONTEXT: win TARGET2 ,': 1, 'CONTEXT: TARGET2 ,  TARGET1': 1, 'CONTEXT: TARGET2 ,': 1, 'CONTEXT: TARGET2 ,  TARGET1 courts  Millennials': 1, 'CONTEXT: win TARGET2': 1, 'CONTEXT: TARGET2 ,  TARGET1 courts': 1, 'CONTEXT: TARGET1 courts  Millennials  :  Right': 1, 'CONTEXT: TARGET2 , TARGET1': 1, 'CONTEXT: TARGET1 courts': 1, 'CONTEXT: , TARGET1 courts': 1, 'PAIR CONTEXT: KEYWORD TARGET2 , TARGET1': 1, 'CONTEXT: <S> ""  To  win TARGET2 ,  TARGET1 courts  Millennials': 1, 'CONTEXT: ""  To  win TARGET2 ,  TARGET1 courts': 1, 'CONTEXT: <S> ""  To  win TARGET2': 1, 'TARGET closer to KEYWORD': 1}"
"['<S>', '"" ', 'To ', 'win ', 'TARGET2', ', ', 'TARGET1', 'courts ', 'Millennials ', '"" ', '</S>']","['START', 'O', 'O', 'O', 'MOD', 'O', 'MOD', 'O', 'O', 'O', 'END']",Presidential Elections,Clinton,Ohio,"{'CONTEXT: To  win TARGET2 ,  TARGET1': 1, 'CONTEXT: To  win  TARGET2 , TARGET1': 1, 'CONTEXT: TARGET2 , TARGET1 courts  Millennials': 1, 'CONTEXT: win  TARGET2 , TARGET1 courts  Millennials  ""': 1, 'PAIR CONTEXT: TARGET2 , TARGET1': 1, 'CONTEXT: ""  To  win TARGET2': 1, 'CONTEXT: TARGET1 courts  Millennials': 1, 'CONTEXT: win  TARGET2 , TARGET1': 1, 'Dependency path to TARGET2: TARGET2': 1, 'CONTEXT: , TARGET1': 1, 'CONTEXT: To  win TARGET2': 1, 'CONTEXT: win TARGET2 ,': 1, 'CONTEXT: TARGET2 ,  TARGET1': 1, 'CONTEXT: TARGET2 ,': 1, 'CONTEXT: TARGET2 ,  TARGET1 courts  Millennials': 1, 'CONTEXT: win TARGET2': 1, 'CONTEXT: TARGET2 ,  TARGET1 courts': 1, 'CONTEXT: TARGET2 , TARGET1': 1, 'CONTEXT: TARGET1 courts': 1, 'CONTEXT: TARGET1 courts  Millennials  ""  </S>': 1, 'CONTEXT: , TARGET1 courts': 1, 'PAIR CONTEXT: KEYWORD TARGET2 , TARGET1': 1, 'CONTEXT: <S> ""  To  win TARGET2 ,  TARGET1 courts  Millennials': 1, 'CONTEXT: ""  To  win TARGET2 ,  TARGET1 courts': 1, 'CONTEXT: To  win  TARGET2 , TARGET1 courts  Millennials  ""  </S>': 1, 'CONTEXT: <S> ""  To  win TARGET2': 1, 'CONTEXT: TARGET1 courts  Millennials  ""': 1, 'TARGET closer to KEYWORD': 1}"
"['<S>', '"" ', 'To ', 'win ', 'TARGET2', ', ', 'TARGET1', 'courts ', 'Millennials ', ': ', 'Right ', 'now ', ', ', 'ENTITY', ""'s "", 'hottest ', 'city ', 'for ', 'ENTITY', 'professionals ', 'is ', 'ENTITY', '. ', '"" ', '</S>']","['START', 'O', 'O', 'O', 'MOD', 'O', 'MOD', 'O', 'O', 'O', 'O', 'O', 'O', 'MOD', 'O', 'O', 'O', 'O', 'MOD', 'O', 'O', 'MOD', 'O', 'O', 'END']",Presidential Elections,Clinton,Ohio,"{'CONTEXT: To  win TARGET2 ,  TARGET1': 1, 'CONTEXT: To  win  TARGET2 , TARGET1': 1, 'CONTEXT: win  TARGET2 , TARGET1 courts  Millennials  :': 1, 'CONTEXT: TARGET2 , TARGET1 courts  Millennials': 1, 'PAIR CONTEXT: TARGET2 , TARGET1': 1, 'CONTEXT: To  win  TARGET2 , TARGET1 courts  Millennials  :  Right': 1, 'CONTEXT: ""  To  win TARGET2': 1, 'CONTEXT: TARGET1 courts  Millennials': 1, 'CONTEXT: win  TARGET2 , TARGET1': 1, 'Dependency path to TARGET2: TARGET2': 1, 'CONTEXT: , TARGET1': 1, 'CONTEXT: TARGET1 courts  Millennials  :': 1, 'CONTEXT: To  win TARGET2': 1, 'CONTEXT: win TARGET2 ,': 1, 'CONTEXT: TARGET2 ,  TARGET1': 1, 'CONTEXT: TARGET2 ,': 1, 'CONTEXT: TARGET2 ,  TARGET1 courts  Millennials': 1, 'CONTEXT: win TARGET2': 1, 'CONTEXT: TARGET2 ,  TARGET1 courts': 1, 'CONTEXT: TARGET1 courts  Millennials  :  Right': 1, 'CONTEXT: TARGET2 , TARGET1': 1, 'CONTEXT: TARGET1 courts': 1, 'CONTEXT: , TARGET1 courts': 1, 'PAIR CONTEXT: KEYWORD TARGET2 , TARGET1': 1, 'CONTEXT: <S> ""  To  win TARGET2 ,  TARGET1 courts  Millennials': 1, 'CONTEXT: ""  To  win TARGET2 ,  TARGET1 courts': 1, 'CONTEXT: <S> ""  To  win TARGET2': 1, 'TARGET closer to KEYWORD': 1}"
"['<S>', '"" ', 'In ', 'Business ', 'News ', 'To ', 'win ', 'TARGET2', ', ', 'TARGET1', 'courts ', 'Millennials ', ': ', 'Right ', 'now ', ', ', 'ENTITY', ""'s "", 'hottest ', 'city ', 'for ', 'young ', 'profess ', '... ', '"" ', '</S>']","['START', 'O', 'O', 'O', 'O', 'O', 'O', 'MOD', 'O', 'MOD', 'O', 'O', 'O', 'O', 'O', 'O', 'MOD', 'O', 'O', 'O', 'O', 'O', 'O', 'O', 'O', 'END']",Presidential Elections,Clinton,Ohio,"{'CONTEXT: To  win TARGET2 ,  TARGET1': 1, 'CONTEXT: To  win  TARGET2 , TARGET1': 1, 'CONTEXT: win  TARGET2 , TARGET1 courts  Millennials  :': 1, 'CONTEXT: Business  News  To  win TARGET2 ,  TARGET1 courts  Millennials': 1, 'CONTEXT: TARGET2 , TARGET1 courts  Millennials': 1, 'PAIR CONTEXT: TARGET2 , TARGET1': 1, 'CONTEXT: To  win  TARGET2 , TARGET1 courts  Millennials  :  Right': 1, 'CONTEXT: TARGET1 courts  Millennials': 1, 'CONTEXT: win  TARGET2 , TARGET1': 1, 'Dependency path to TARGET2: TARGET2': 1, 'CONTEXT: , TARGET1': 1, 'CONTEXT: TARGET1 courts  Millennials  :': 1, 'CONTEXT: To  win TARGET2': 1, 'CONTEXT: win TARGET2 ,': 1, 'CONTEXT: TARGET2 ,  TARGET1': 1, 'CONTEXT: TARGET2 ,': 1, 'CONTEXT: TARGET2 ,  TARGET1 courts  Millennials': 1, 'CONTEXT: win TARGET2': 1, 'CONTEXT: TARGET2 ,  TARGET1 courts': 1, 'CONTEXT: TARGET1 courts  Millennials  :  Right': 1, 'CONTEXT: News  To  win TARGET2 ,  TARGET1 courts': 1, 'CONTEXT: TARGET2 , TARGET1': 1, 'CONTEXT: TARGET1 courts': 1, 'CONTEXT: , TARGET1 courts': 1, 'PAIR CONTEXT: KEYWORD TARGET2 , TARGET1': 1, 'CONTEXT: News  To  win TARGET2': 1, 'TARGET closer to KEYWORD': 1, 'CONTEXT: Business  News  To  win TARGET2': 1}"
"['<S>', '"" ', 'test ', 'feed ', 'To ', 'win ', 'TARGET2', ', ', 'TARGET1', 'courts ', 'Millennials ', ': ', 'Right ', 'now ', ', ', 'ENTITY', ""'s "", 'hottest ', 'city ', 'for ', 'ENTITY', 'professionals ', '... ', '"" ', '</S>']","['START', 'O', 'O', 'O', 'O', 'O', 'MOD', 'O', 'MOD', 'O', 'O', 'O', 'O', 'O', 'O', 'MOD', 'O', 'O', 'O', 'O', 'MOD', 'O', 'O', 'O', 'END']",Presidential Elections,Clinton,Ohio,"{'CONTEXT: To  win TARGET2 ,  TARGET1': 1, 'CONTEXT: test  feed  To  win TARGET2': 1, 'CONTEXT: To  win  TARGET2 , TARGET1': 1, 'CONTEXT: win  TARGET2 , TARGET1 courts  Millennials  :': 1, 'CONTEXT: TARGET2 , TARGET1 courts  Millennials': 1, 'PAIR CONTEXT: TARGET2 , TARGET1': 1, 'CONTEXT: To  win  TARGET2 , TARGET1 courts  Millennials  :  Right': 1, 'CONTEXT: TARGET1 courts  Millennials  :': 1, 'CONTEXT: TARGET1 courts  Millennials': 1, 'CONTEXT: win  TARGET2 , TARGET1': 1, 'Dependency path to TARGET2: TARGET2': 1, 'CONTEXT: , TARGET1': 1, 'CONTEXT: feed  To  win TARGET2 ,  TARGET1 courts': 1, 'CONTEXT: To  win TARGET2': 1, 'CONTEXT: win TARGET2 ,': 1, 'CONTEXT: TARGET2 ,  TARGET1': 1, 'CONTEXT: TARGET2 ,': 1, 'CONTEXT: TARGET2 ,  TARGET1 courts  Millennials': 1, 'CONTEXT: win TARGET2': 1, 'CONTEXT: TARGET2 ,  TARGET1 courts': 1, 'CONTEXT: TARGET1 courts  Millennials  :  Right': 1, 'CONTEXT: feed  To  win TARGET2': 1, 'CONTEXT: TARGET2 , TARGET1': 1, 'CONTEXT: TARGET1 courts': 1, 'CONTEXT: test  feed  To  win TARGET2 ,  TARGET1 courts  Millennials': 1, 'CONTEXT: , TARGET1 courts': 1, 'PAIR CONTEXT: KEYWORD TARGET2 , TARGET1': 1, 'TARGET closer to KEYWORD': 1}"
"['<S>', '"" ', 'ENTITY', 'Design ', 'Build ', 'To ', 'win ', 'TARGET2', ', ', 'TARGET1', 'courts ', 'Millennials ', ': ', 'Right ', 'now ', ', ', 'ENTITY', ""'s "", 'hottest ', 'city ', 'fo ', '... ', 'ENTITY', '"" ', '</S>']","['START', 'O', 'MOD', 'O', 'O', 'O', 'O', 'MOD', 'O', 'MOD', 'O', 'O', 'O', 'O', 'O', 'O', 'MOD', 'O', 'O', 'O', 'O', 'O', 'MOD', 'O', 'END']",Presidential Elections,Clinton,Ohio,"{'CONTEXT: To  win TARGET2 ,  TARGET1': 1, 'CONTEXT: To  win  TARGET2 , TARGET1': 1, 'CONTEXT: Build  To  win TARGET2': 1, 'CONTEXT: TARGET2 , TARGET1 courts  Millennials': 1, 'PAIR CONTEXT: TARGET2 , TARGET1': 1, 'CONTEXT: Design  Build  To  win TARGET2 ,  TARGET1 courts  Millennials': 1, 'CONTEXT: To  win  TARGET2 , TARGET1 courts  Millennials  :  Right': 1, 'CONTEXT: TARGET1 courts  Millennials': 1, 'CONTEXT: win  TARGET2 , TARGET1': 1, 'Dependency path to TARGET2: TARGET2': 1, 'CONTEXT: , TARGET1': 1, 'CONTEXT: TARGET1 courts  Millennials  :': 1, 'CONTEXT: To  win TARGET2': 1, 'CONTEXT: win TARGET2 ,': 1, 'CONTEXT: TARGET2 ,  TARGET1': 1, 'CONTEXT: TARGET2 ,': 1, 'CONTEXT: TARGET2 ,  TARGET1 courts  Millennials': 1, 'CONTEXT: win TARGET2': 1, 'CONTEXT: TARGET2 ,  TARGET1 courts': 1, 'CONTEXT: TARGET1 courts  Millennials  :  Right': 1, 'CONTEXT: win  TARGET2 , TARGET1 courts  Millennials  :': 1, 'CONTEXT: TARGET2 , TARGET1': 1, 'CONTEXT: Build  To  win TARGET2 ,  TARGET1 courts': 1, 'CONTEXT: TARGET1 courts': 1, 'CONTEXT: , TARGET1 courts': 1, 'PAIR CONTEXT: KEYWORD TARGET2 , TARGET1': 1, 'CONTEXT: Design  Build  To  win TARGET2': 1, 'TARGET closer to KEYWORD': 1}"
"['<S>', '"" ', '#money ', 'To ', 'win ', 'TARGET2', ', ', 'TARGET1', 'courts ', 'Millennials ', ': ', 'Right ', 'now ', ', ', 'ENTITY', ""'s "", 'hottest ', 'city ', 'for ', 'ENTITY', 'professionals ', 'is ', '... ', '"" ', '</S>']","['START', 'O', 'O', 'O', 'O', 'MOD', 'O', 'MOD', 'O', 'O', 'O', 'O', 'O', 'O', 'MOD', 'O', 'O', 'O', 'O', 'MOD', 'O', 'O', 'O', 'O', 'END']",Presidential Elections,Clinton,Ohio,"{'CONTEXT: To  win TARGET2 ,  TARGET1': 1, 'CONTEXT: To  win  TARGET2 , TARGET1': 1, 'CONTEXT: win  TARGET2 , TARGET1 courts  Millennials  :': 1, 'CONTEXT: TARGET2 , TARGET1 courts  Millennials': 1, 'PAIR CONTEXT: TARGET2 , TARGET1': 1, 'CONTEXT: #money  To  win TARGET2 ,  TARGET1 courts': 1, 'CONTEXT: To  win  TARGET2 , TARGET1 courts  Millennials  :  Right': 1, 'CONTEXT: TARGET1 courts  Millennials  :': 1, 'CONTEXT: TARGET1 courts  Millennials': 1, 'CONTEXT: win  TARGET2 , TARGET1': 1, 'Dependency path to TARGET2: TARGET2': 1, 'CONTEXT: , TARGET1': 1, 'CONTEXT: ""  #money  To  win TARGET2': 1, 'CONTEXT: To  win TARGET2': 1, 'CONTEXT: win TARGET2 ,': 1, 'CONTEXT: TARGET2 ,  TARGET1': 1, 'CONTEXT: TARGET2 ,': 1, 'CONTEXT: TARGET2 ,  TARGET1 courts  Millennials': 1, 'CONTEXT: win TARGET2': 1, 'CONTEXT: #money  To  win TARGET2': 1, 'CONTEXT: TARGET2 ,  TARGET1 courts': 1, 'CONTEXT: TARGET1 courts  Millennials  :  Right': 1, 'CONTEXT: TARGET2 , TARGET1': 1, 'CONTEXT: TARGET1 courts': 1, 'CONTEXT: , TARGET1 courts': 1, 'PAIR CONTEXT: KEYWORD TARGET2 , TARGET1': 1, 'TARGET closer to KEYWORD': 1, 'CONTEXT: ""  #money  To  win TARGET2 ,  TARGET1 courts  Millennials': 1}"
"['<S>', '"" ', '@mckingmarcus ', 'To ', 'win ', 'TARGET2', ', ', 'TARGET1', 'courts ', 'Millennials ', ': ', 'Right ', 'now ', ', ', 'ENTITY', ""'s "", 'hottest ', 'city ', 'for ', '... ', 'ff ', '@olamide_YBNL ', '"" ', '</S>']","['START', 'O', 'O', 'O', 'O', 'MOD', 'O', 'MOD', 'O', 'O', 'O', 'O', 'O', 'O', 'MOD', 'O', 'O', 'O', 'O', 'O', 'O', 'O', 'O', 'END']",Presidential Elections,Clinton,Ohio,"{'CONTEXT: To  win TARGET2 ,  TARGET1': 1, 'CONTEXT: To  win  TARGET2 , TARGET1': 1, 'CONTEXT: win  TARGET2 , TARGET1 courts  Millennials  :': 1, 'CONTEXT: @mckingmarcus  To  win TARGET2': 1, 'CONTEXT: TARGET2 , TARGET1 courts  Millennials': 1, 'PAIR CONTEXT: TARGET2 , TARGET1': 1, 'CONTEXT: To  win  TARGET2 , TARGET1 courts  Millennials  :  Right': 1, 'CONTEXT: TARGET1 courts  Millennials': 1, 'CONTEXT: win  TARGET2 , TARGET1': 1, 'Dependency path to TARGET2: TARGET2': 1, 'CONTEXT: , TARGET1': 1, 'CONTEXT: ""  @mckingmarcus  To  win TARGET2 ,  TARGET1 courts  Millennials': 1, 'CONTEXT: TARGET1 courts  Millennials  :': 1, 'CONTEXT: @mckingmarcus  To  win TARGET2 ,  TARGET1 courts': 1, 'CONTEXT: To  win TARGET2': 1, 'CONTEXT: win TARGET2 ,': 1, 'CONTEXT: TARGET2 ,  TARGET1': 1, 'CONTEXT: TARGET2 ,': 1, 'CONTEXT: TARGET2 ,  TARGET1 courts  Millennials': 1, 'CONTEXT: win TARGET2': 1, 'CONTEXT: TARGET2 ,  TARGET1 courts': 1, 'CONTEXT: TARGET1 courts  Millennials  :  Right': 1, 'CONTEXT: TARGET2 , TARGET1': 1, 'CONTEXT: TARGET1 courts': 1, 'CONTEXT: ""  @mckingmarcus  To  win TARGET2': 1, 'CONTEXT: , TARGET1 courts': 1, 'PAIR CONTEXT: KEYWORD TARGET2 , TARGET1': 1, 'TARGET closer to KEYWORD': 1}"
"['<S>', '"" ', 'ff ', '@mckingmarcus ', 'To ', 'win ', 'TARGET2', ', ', 'TARGET1', 'courts ', 'Millennials ', ': ', 'Right ', 'now ', ', ', 'ENTITY', ""'s "", 'hottest ', 'city ', 'for ', 'y ', '... ', 'via ', '@cnnbrk ', '"" ', '</S>']","['START', 'O', 'O', 'O', 'O', 'O', 'MOD', 'O', 'MOD', 'O', 'O', 'O', 'O', 'O', 'O', 'MOD', 'O', 'O', 'O', 'O', 'O', 'O', 'O', 'O', 'O', 'END']",Presidential Elections,Clinton,Ohio,"{'CONTEXT: To  win TARGET2 ,  TARGET1': 1, 'CONTEXT: ff  @mckingmarcus  To  win TARGET2': 1, 'CONTEXT: win  TARGET2 , TARGET1 courts  Millennials  :': 1, 'CONTEXT: @mckingmarcus  To  win TARGET2': 1, 'CONTEXT: TARGET2 , TARGET1 courts  Millennials': 1, 'PAIR CONTEXT: TARGET2 , TARGET1': 1, 'CONTEXT: To  win  TARGET2 , TARGET1 courts  Millennials  :  Right': 1, 'CONTEXT: TARGET1 courts  Millennials': 1, 'CONTEXT: To  win  TARGET2 , TARGET1': 1, 'CONTEXT: win  TARGET2 , TARGET1': 1, 'Dependency path to TARGET2: TARGET2': 1, 'CONTEXT: , TARGET1': 1, 'CONTEXT: TARGET1 courts  Millennials  :': 1, 'CONTEXT: @mckingmarcus  To  win TARGET2 ,  TARGET1 courts': 1, 'CONTEXT: To  win TARGET2': 1, 'CONTEXT: win TARGET2 ,': 1, 'CONTEXT: TARGET2 ,  TARGET1': 1, 'CONTEXT: TARGET2 ,': 1, 'CONTEXT: TARGET2 ,  TARGET1 courts  Millennials': 1, 'CONTEXT: win TARGET2': 1, 'CONTEXT: TARGET2 ,  TARGET1 courts': 1, 'CONTEXT: TARGET1 courts  Millennials  :  Right': 1, 'CONTEXT: TARGET2 , TARGET1': 1, 'CONTEXT: TARGET1 courts': 1, 'CONTEXT: , TARGET1 courts': 1, 'CONTEXT: ff  @mckingmarcus  To  win TARGET2 ,  TARGET1 courts  Millennials': 1, 'PAIR CONTEXT: KEYWORD TARGET2 , TARGET1': 1, 'TARGET closer to KEYWORD': 1}"
"['<S>', '"" ', 'Money ', ': ', 'To ', 'win ', 'TARGET2', ', ', 'TARGET1', 'courts ', 'Millennials ', ': ', 'Right ', 'now ', ', ', 'ENTITY', ""'s "", 'hottest ', 'city ', 'for ', 'ENTITY', 'professionals ', 'is ', '... ', '"" ', '</S>']","['START', 'O', 'O', 'O', 'O', 'O', 'MOD', 'O', 'MOD', 'O', 'O', 'O', 'O', 'O', 'O', 'MOD', 'O', 'O', 'O', 'O', 'MOD', 'O', 'O', 'O', 'O', 'END']",Presidential Elections,Clinton,Ohio,"{'CONTEXT: To  win TARGET2 ,  TARGET1': 1, 'CONTEXT: To  win  TARGET2 , TARGET1': 1, 'CONTEXT: win  TARGET2 , TARGET1 courts  Millennials  :': 1, 'CONTEXT: Money  :  To  win TARGET2 ,  TARGET1 courts  Millennials': 1, 'CONTEXT: TARGET2 , TARGET1 courts  Millennials': 1, 'CONTEXT: :  To  win TARGET2 ,  TARGET1 courts': 1, 'PAIR CONTEXT: TARGET2 , TARGET1': 1, 'CONTEXT: Money  :  To  win TARGET2': 1, 'CONTEXT: To  win  TARGET2 , TARGET1 courts  Millennials  :  Right': 1, 'CONTEXT: TARGET1 courts  Millennials': 1, 'CONTEXT: win  TARGET2 , TARGET1': 1, 'Dependency path to TARGET2: TARGET2': 1, 'CONTEXT: , TARGET1': 1, 'CONTEXT: TARGET1 courts  Millennials  :': 1, 'CONTEXT: To  win TARGET2': 1, 'CONTEXT: win TARGET2 ,': 1, 'CONTEXT: TARGET2 ,  TARGET1': 1, 'CONTEXT: TARGET2 ,': 1, 'CONTEXT: TARGET2 ,  TARGET1 courts  Millennials': 1, 'CONTEXT: win TARGET2': 1, 'CONTEXT: TARGET2 ,  TARGET1 courts': 1, 'CONTEXT: TARGET1 courts  Millennials  :  Right': 1, 'CONTEXT: TARGET2 , TARGET1': 1, 'CONTEXT: TARGET1 courts': 1, 'CONTEXT: , TARGET1 courts': 1, 'PAIR CONTEXT: KEYWORD TARGET2 , TARGET1': 1, 'CONTEXT: :  To  win TARGET2': 1, 'TARGET closer to KEYWORD': 1}"
